OID_,mean_elev,std_elev,Mean_slope,STD_slope,Mean_aspect,STD_aspect,Area_m2,mean_plan_curv,std_plan_curv
1,3252.339375813801780,57.384992035918920,37.595946232477829,19.368618142268172,74.851616541544601,29.960804511458420,10651.531422800000655,-4.78E-03,1.85026430555487E-02
2,3078.336842854817405,60.787115664945077,35.757980863253280,13.253768358564832,128.321655909220397,49.241398521489970,23066.224278500001674,6.42950467105646E-04,2.12594564840514E-02
3,3152.542968750000000,4.079101562500000,31.109871864318848,1.194231986999512,144.270347595214844,11.671302795410156,1226.283120589999953,-2.08E-02,2.77404140215367E-02
4,3008.743977864583940,35.077665131784443,28.761303000979954,17.585740796720668,150.354631635877809,59.550695344219939,15968.380723899999794,-1.15E-02,2.24188075681301E-02
5,3117.994140625000000,52.605630167221065,40.584861278533936,4.073522511786634,279.451148986816406,6.842600101301522,6090.388721209999858,1.03436126846646E-03,4.8368032369377E-03
6,3069.493041992187500,13.040649414062500,39.890254974365234,1.010879516601562,279.763031005859375,4.217254638671875,1529.710665849999941,-6.69E-05,9.11264563910663E-04
7,3103.028259277343750,31.550591819686172,45.602273464202881,12.081583978541387,117.796670913696289,5.351806861737740,5126.684649519999766,-4.14E-03,4.66535576843622E-03
8,3292.557958984375091,108.213269554073008,43.042988586425778,7.283247032973438,67.791577911376947,6.734177256503406,5168.486049420000199,5.80442218342796E-03,6.59254528532998E-03
9,3320.383219401041515,12.035868083457560,37.235284169514976,4.237064824090625,177.090418497721345,9.091660852250717,1824.700420729999905,-5.85E-03,5.1814178781588E-03
10,3290.453857421875000,0,36.091693878173828,0,150.349334716796875,0,998.661159845000043,-1.38E-02,0
11,3269.969116210937500,7.902954101562500,35.376217842102051,9.536913871765137,160.882011413574219,15.586433410644531,1248.023213219999889,-9.64E-03,8.88539740117267E-03
12,3240.302001953125000,7.531738281250000,29.866657257080078,7.331100463867188,159.224617004394531,17.910270690917969,866.833751473000007,-1.49E-02,1.66334709501825E-02
13,3520.612792968750000,51.760628471784294,50.009850502014160,4.561252408193423,94.954986572265625,16.992259049376283,4110.681314929999644,4.37562691513449E-03,7.90346499438401E-03
14,4014.438903808593750,73.532585497978346,48.410403251647949,4.878815127337694,178.117481231689453,17.456765508082110,5443.885781590000079,-3.08E-03,2.35620096073354E-03
15,3438.700439453125000,24.215576171875000,48.239694595336914,4.615392684936523,269.279075622558594,27.136878967285156,2287.255380550000154,0.011762906,2.5897747837007E-03
16,4662.969055175781250,56.176591124438374,11.967319756746292,7.806851115099650,68.617144942283630,70.714790245945210,7900.365974440000173,-3.21E-03,0.023089093
17,3011.862516276041788,54.806220458648909,42.791440963745110,7.539053908317265,124.547090657552090,3.450161204949216,12268.636967799999184,5.74675243115052E-04,6.65936235267896E-03
18,2996.188693576388687,36.467336239079039,42.644320805867515,13.806566681543666,107.463646782769104,12.920414223268645,7583.382873939999627,8.58324437609149E-04,6.2972342178803E-03
19,3081.999135335286610,101.476112747521555,51.784531195958458,8.517011528270494,106.080924352010086,43.380190255087236,19404.308817000001000,-2.16E-03,1.59323452229859E-02
20,2391.632501775568016,67.015780401096563,38.350043470209293,8.686471914964937,67.296847343444824,23.214961615765226,19000.627271800000017,-1.21E-02,1.06120556568103E-02
21,2581.004359654018117,92.771547602667113,47.607193265642437,3.497985832179230,70.317941665649414,26.882887196113089,10740.160511899999619,6.45903508744336E-03,1.14319653797541E-02
22,2629.191124549278811,90.420553999333166,43.467892646789544,6.488668521983524,68.109505873460023,39.605617295339812,21448.099956499998370,-1.46E-03,1.52560785755817E-02
23,2919.636067708333485,34.276664552592031,42.616004943847656,4.206876217670373,50.524344126383461,6.245372933942599,2164.279749809999885,8.43627114469806E-03,3.54740228169259E-03
24,2736.163203798491850,187.602316041232342,38.450488090515137,8.748360703673050,78.136524463522036,31.287547309321941,26639.809450600001583,-1.88E-04,1.25485525171278E-02
25,2772.025365369072915,175.451858611695656,44.318084453714299,6.668970417795054,89.652417807743490,50.748912814143033,21814.841381599999295,-1.45E-03,0.011116167
26,2783.175023129112105,118.032041020935310,44.299408360531459,4.154651164243351,65.128892396625716,29.566374575300284,18179.709250299998530,-5.71E-03,1.02017231256645E-02
27,2788.910958426339221,17.407342401345108,53.839549473353792,4.856216918046894,127.366586957659052,8.410610024111039,5909.640875379999670,-2.23E-03,5.59826316256107E-03
28,3455.176757812500000,43.498779296875000,50.208782196044922,1.539924621582031,148.174865722656250,6.142379760742188,2196.204994939999779,1.09194365795702E-02,4.45834384299815E-03
29,3128.314453125000000,0,34.471511840820312,0,102.194572448730469,0,1059.806370320000042,5.99808804690838E-03,0
30,3011.933593750000000,52.675469618627332,39.328819910685226,10.316103098604227,101.800417582194015,25.974568654911696,9468.912506799999392,-1.25E-03,1.01023377505784E-02
31,3081.203564453125182,41.789871206112423,49.507881927490232,3.374311563986954,95.239958190917974,27.704923482227915,3579.816617909999877,1.56315181520768E-03,4.00414478442848E-03
32,3240.779337565104015,37.573851450353288,43.393405914306634,5.666681635244093,93.617215792338058,42.641197981597799,21112.022387199998775,-9.39E-03,1.61717223069463E-02
33,3365.153035481770985,76.518278818744349,44.600373586018875,5.989608219214238,90.120964686075851,35.130154904009814,5137.428300730000046,1.28895801996502E-02,2.62491527975085E-02
34,3411.412803649902798,75.516821175832575,42.521150469779954,5.464868872122084,79.176652312278762,23.300104282125847,26587.995514400001412,-7.58E-04,1.13903853704596E-02
35,3327.959635416666515,55.045019095695523,49.027174631754555,3.325864684120541,71.887205759684250,9.125486640459085,2700.973171539999839,-4.39E-03,5.53219749067113E-03
36,2854.473247327303397,52.879969627892038,39.635299180683340,7.543912233464106,200.804698743318255,7.527143299546076,16246.790114499999618,5.74123849602122E-04,8.25464074990732E-03
37,3007.418688322368325,92.341439281848977,53.652820587158210,6.650410876556915,153.840358131810206,38.622417576594529,17603.533414300000004,-2.01E-03,0.011698894
38,2742.616557772197666,197.220020220633359,43.389013335818305,10.211182209508859,129.500627608526287,44.990567001107081,110661.898828999997932,1.96836283372711E-03,1.13980527671539E-02
39,2613.441048177083303,68.229778580823492,42.563692220052083,11.462371190925538,128.803913879394543,15.982087975732327,13136.164944800000740,-4.15E-03,9.86019851748006E-03
40,2816.472167968750000,0,50.850757598876953,0,132.452209472656250,0,1306.763750009999967,5.98759902641177E-03,0
41,2926.093017578125000,27.771076646625104,41.642767906188965,6.109411200240671,89.447042465209961,8.865558840961526,2769.848628669999925,3.48315608789562E-03,3.05598809645974E-03
42,3043.352504185268117,89.522822697591238,54.177598135811941,6.334461152121635,188.123535156250000,9.820408622214178,7120.644607670000369,-4.11E-03,2.83866193160581E-03
43,3325.390218098958485,64.000226771626302,44.275360743204750,6.508769526167258,50.952200571695961,12.326666058297929,3519.807299040000089,-1.58E-03,6.05572049402886E-03
44,3083.537109375000000,22.152002011298180,43.696056365966797,3.058895111710514,90.329666137695312,6.198314498563632,2558.846915829999944,-7.00E-04,5.89930544122562E-03
45,2940.733978271484375,83.405294162285060,57.333012104034424,6.789873100910806,123.620779037475586,5.332384059204204,8431.774169160000383,5.89460892297211E-03,5.57753883411749E-03
46,2852.846386718750182,34.160280837008997,46.969174957275392,6.479432629978024,105.312876892089847,52.872701182714586,4063.460054220000075,3.5284459227114E-03,1.09345810599149E-02
47,2449.461157226563046,78.785472597104132,32.056578445434575,8.801578238229933,78.044311779737484,106.355172429885968,7549.218649340000411,1.30737326107919E-02,1.54215638531988E-02
48,2763.227213541666515,40.313720428531006,56.602226257324219,3.946881046358020,117.837921142578125,10.040652962252155,1367.846822290000091,9.34715305144588E-04,4.83394866376775E-03
49,2518.001174200148853,91.817128777585793,50.550388608660015,13.497107579953154,127.403578985305060,8.678380116854354,18671.507011000001512,1.39738129274476E-03,7.85829172001166E-03
50,2477.123942057291970,44.276813817154100,50.468015670776367,9.338494388763777,126.665317535400376,3.998785034629758,4457.935672010000417,6.20468868874014E-04,5.17238516253599E-03
51,2527.012451171875000,0,63.332054138183594,0,129.344100952148438,0,1520.344737350000059,-2.47E-03,0
52,2674.236572265625000,25.179381015674700,53.700300852457680,1.414116433070383,114.843620300292969,2.113372436345077,1013.699547739999957,7.74825108237565E-04,3.77503756388323E-03
53,2619.524881998697765,63.011483663173500,31.545356386570347,20.118238684965185,71.869623819986970,39.095088196568618,11128.408530700000483,3.33976207475644E-02,4.87481075111324E-02
54,3077.960571289062500,34.427856445312500,47.150735855102539,3.851449966430664,169.314285278320312,1.142272949218750,1336.216917599999988,-0.011750512,5.80232357606292E-03
55,2972.239257812500000,0,64.873878479003906,0,132.320770263671875,0,1092.152713460000086,-2.45E-03,0
56,2808.275817871093750,124.974460787659936,43.326127052307129,11.516336764973385,100.344915962219233,16.827779669414461,19339.737881400000333,-7.30E-04,8.24737933963919E-03
57,3363.682963053386175,100.024966262459046,41.531925519307457,4.441443707337972,111.260132471720368,35.019381775496527,10164.020501099999819,2.97724269330502E-03,1.56913280762786E-02
58,3709.800231933593750,27.354091820645632,41.261914253234863,3.176336658225518,103.535486221313477,29.307949476848712,2944.634232760000032,1.18238391587511E-02,1.16053725694363E-02
59,3577.242578124999909,85.753521494471713,45.208823394775393,3.499748769357609,91.316429138183594,20.792914302660090,3155.505870930000128,2.8516910970211E-03,8.27341231004513E-03
60,2866.963989257812500,14.150268554687500,37.965036392211914,0.193994522,240.626045227050781,11.328651428222656,743.652481239000053,6.92859222181141E-03,3.70004563592374E-03
61,3028.051391601562500,21.152331037508738,40.958058357238770,5.708107383235486,108.379907608032227,18.205271729034216,3293.028556929999922,1.03557293768972E-02,3.91509299276246E-03
62,2998.730029296874818,24.925909138171960,43.248297119140624,4.676799621436472,120.807083129882812,18.797764837149778,5466.434095149999848,7.2849013376981E-03,3.02473996366869E-03
63,3305.839843750000000,32.191068925028688,37.845554351806641,3.015022042267697,99.746503829956055,10.232232312792826,2714.556406759999845,-6.64E-03,1.00566054351322E-02
64,3191.875732421875000,0,45.593193054199219,0,135.710250854492188,0,1880.774466910000001,-9.75E-03,0
65,3495.982543945312500,1.330200195312500,12.500423431396484,3.029348373413086,140.286083221435547,57.482791900634766,1884.504336620000004,-2.63E-02,2.25805677473545E-03
66,3524.876383463541970,18.501409665770225,40.284238179524735,4.378672206824251,142.997749328613281,20.572945952790409,7674.316378489999806,5.83016872406006E-03,1.09769631575896E-02
67,3453.055338541666515,8.547758693290582,36.305360794067383,10.115534080045999,121.078715006510407,60.876659345449767,3952.997295829999985,-3.26E-03,1.03215652613464E-02
68,3378.280726841518117,34.017676283888740,35.281310490199495,5.492276704610132,106.306530543736045,31.714740657312952,5373.144378099999813,-1.23E-03,7.59951011885246E-03
69,3351.177873883928442,18.778192358228381,35.739871161324636,5.619705500387567,129.853636605399004,42.930861140645241,5363.285139100000379,7.06203750866864E-03,0.011747777
70,2834.727197265624909,59.522632882852939,50.960891723632812,9.945885104246303,129.152667236328114,6.252658668480923,4902.409590610000123,-5.14E-03,7.97333984071921E-03
71,2480.421203613281250,11.086310303604689,34.710313320159912,12.972429363949601,183.742908477783203,45.573877446134070,2157.158859889999803,-1.36E-02,3.80990472623659E-02
72,2507.993920898437864,112.349952838187590,40.460580158233633,17.497552693173802,160.612186431884766,58.636345627113094,6373.328557959999671,-7.68E-03,1.82786033245229E-02
73,2502.066446940104470,95.344191031248855,43.680742581685386,16.677652585025946,141.208407084147126,33.782440153778687,5123.656049510000230,-8.29E-03,1.18524064943715E-02
74,2417.069091796875000,0,39.005111694335938,0,141.168548583984375,0,1433.288703389999910,-1.81E-02,0
75,2549.679931640625000,29.756347656250000,62.068487167358398,1.179620742797852,127.501354217529297,1.022785186767578,659.722023646000025,1.8795802607201E-03,1.12018134677783E-03
76,3420.853540039061954,18.880112800095301,36.073398208618165,1.861692808407477,101.051506805419933,25.414198794348017,8667.825687209999160,3.95387564203702E-03,1.09032638015072E-02
77,3231.820124699519056,27.827077346928707,47.409371302678032,6.062781115681092,101.632624406080978,26.964509952605464,10686.668654799999786,-2.30E-03,2.64509403240444E-03
78,3303.276177300347172,23.560082803152781,48.872570461697052,6.706743249948715,114.366351657443573,14.528527967804141,7027.176347110000279,-6.21E-04,3.58997495723651E-03
79,3364.743066406249909,19.259552973528915,39.473267745971675,2.534630348657697,103.340579223632815,8.506982339933197,8735.744636990000799,-2.50E-03,1.50655367968623E-03
80,2333.611450195312500,67.490150498305141,40.652734756469727,5.273502466075279,201.343246459960938,27.192172440302311,4045.593358640000133,-1.18E-02,9.07203032629036E-03
81,2306.598388671875000,43.832519531250000,51.009969711303711,5.468957901000977,156.277946472167969,22.854911804199219,2438.392045319999852,6.5948081901297E-03,5.84861321840435E-03
82,2339.370971679687500,46.576782226562500,39.462916374206543,13.040513038635254,187.051162719726562,34.842834472656250,1559.782151410000097,3.42189380899072E-03,1.17132351733744E-02
83,2275.579711914062500,49.743962998416407,38.408652714320581,6.126863940057139,93.957330976213726,9.407742396671404,13082.121677499999350,-4.13E-03,7.19438332179405E-03
84,2181.839884440104015,33.991423071843371,35.128383954366043,5.583775519147363,64.529160817464188,2.099753961581439,5952.771894149999753,3.53757303673774E-03,5.4510442851571E-03
85,2185.654204269935235,49.787908489996596,39.060508333403483,10.150518568285960,112.635482261920814,44.198373386802842,26760.474231600001076,-4.59E-03,1.23258746121184E-02
86,2489.191406250000000,1.468261718750000,45.796159744262695,1.113466262817383,132.401920318603516,10.261806488037109,1337.586975769999981,4.67654247768223E-03,1.18499458767474E-03
87,2626.801147460937500,3.897338867187500,52.431417465209961,1.221723556518555,125.950664520263672,8.041751861572266,761.860886477999998,4.01708285789937E-03,1.17131706792861E-03
88,2521.371215820312500,38.045776367187500,45.249523162841797,2.819347381591797,128.899394989013672,2.785785675048828,2559.875351029999820,-4.46E-04,3.89070552773774E-03
89,2433.722900390625000,42.221003014633169,44.470634460449219,1.055121080397714,119.815884908040360,6.203111848154670,2616.660558479999963,-3.60E-03,2.18245988954656E-03
90,2172.837076822916515,22.298801920134551,48.047733942667648,8.819410879782875,146.218020121256529,20.456038014219299,7423.606806959999631,-2.08E-03,1.18764090095342E-02
91,2406.812622070312500,68.130655443623169,41.357745170593262,2.372914236623655,139.081707000732422,3.820638924031028,3028.215696910000133,4.2889458272839E-03,3.99745300060419E-03
92,2201.440185546875000,0,38.437713623046875,0,101.380599975585938,0,1001.930827339999951,1.57475247979164E-02,0
93,2229.978006114130039,56.556285488762761,41.680505172066077,17.286963896319349,159.241320734438688,58.588961875392101,21117.703503799999453,-5.83E-03,0.015288026
94,2337.192428023726734,83.717814029712471,42.345924589369027,11.933944281761741,130.553860699688954,23.333852195099645,24808.245723700001690,-3.21E-03,7.81638590675029E-03
95,2295.644612630208030,40.985606523027478,48.214430967966720,8.148692332418396,139.760093053181947,9.045488925298645,10788.190248999999312,-3.77E-03,5.57774156314653E-03
96,2638.532226562500455,72.024384436794435,37.175125062465675,7.764881127923764,93.509861469268799,24.700715242461403,27331.697137300001486,1.23565718240569E-04,1.41285735760248E-02
97,2531.971435546875000,25.548402751850528,39.820735931396484,4.788213295755370,155.567581176757812,5.548433356185410,2378.235437400000137,0.011075298,7.27783207809237E-03
98,2822.343261718750000,0,45.022544860839844,0,81.743331909179688,0,681.312754130000030,-0.01534465,0
99,2732.145703124999727,97.149511582299724,41.738911819458004,9.773408075102310,108.625850677490234,20.766028775502278,9942.132373239999652,1.91618491371628E-03,1.08169582800274E-02
100,2687.781684027777828,17.587862444191348,48.515138414171005,2.977498676655020,143.519595675998261,14.316745707425058,7995.590898919999745,5.93202894863983E-03,4.29020511677447E-03
101,2148.683007812499909,15.355509109541110,32.743966484069823,17.963004341289199,149.221139526367182,8.319865883459208,5162.318492420000439,6.16524834185839E-03,1.62912186989552E-02
102,2461.875863211495925,104.855459041646327,49.871182577950606,5.549571025114097,161.456711360386407,12.392109888928513,25071.716114099999686,8.14225666025388E-04,1.10409272950736E-02
103,2223.398053850446558,73.646247231483187,39.543939045497346,8.540296815477417,66.546083177839009,9.862576458012757,7702.657932219999566,1.02350569795817E-03,5.46710459773422E-03
104,2374.087942023026699,48.621395654629197,36.442830336721322,7.118863774652695,112.094724353991040,29.825809184065207,16855.534719399998721,-6.29E-05,9.08453522316393E-03
105,2258.420043945312500,68.601928710937500,43.686574935913086,8.085103988647461,84.203781127929688,19.517135620117188,3837.559951780000119,1.91030197311193E-03,3.3119487343356E-03
106,2492.880517578124909,51.694222603409678,45.592125701904294,4.282127119335707,139.225668334960943,12.031350568707120,4181.098098909999862,3.19588994607329E-03,9.81283692241574E-03
107,2414.942382812500000,69.669948429420074,44.874298858642575,3.213523340849656,150.712010192871105,28.251871109531564,3112.325337740000123,-2.49E-04,1.06725849266084E-02
108,2509.894415283202306,197.144535707289720,49.987301063537586,7.085943777511623,164.561906051635759,13.551706679483011,35058.082602900001802,-1.97E-03,1.07932197077393E-02
109,2583.455200195312500,20.546020507812500,45.030267715454102,1.063219070434570,152.643959045410156,1.867088317871094,1859.052920000000086,0.016984565,3.38072748854756E-03
110,2477.060961914062318,66.274057656165240,50.432551956176759,7.598000465338937,135.828170776367188,11.899808948080766,9367.757553510000434,9.47734764777124E-03,1.12558784097898E-02
111,2709.715209960937500,12.558715820312500,50.121730804443359,3.167617797851562,135.169670104980469,5.813728332519531,1247.818554369999902,6.76464848220348E-03,1.20237376540899E-03
112,2606.195382254464221,77.323485661805705,46.533517565046033,5.185239060362130,156.858287266322549,5.849504355510440,5815.193659010000374,5.0750546090837E-03,3.52640230974218E-03
113,2519.659016927083485,38.282643977279079,51.591360727945961,1.302613312066986,133.955240885416657,10.475624605974495,3912.190507360000083,-0.013056447,1.57422578019577E-02
114,2519.125366210937500,13.133911132812500,43.764696121215820,0.144132614,174.639877319335938,0.991699219,1270.293490539999993,3.19918616878567E-03,2.98087718692841E-03
115,2124.235290527343750,7.848293212847408,24.034537315368652,3.743487673390993,188.410663604736328,34.326765534133379,3847.278967690000172,-1.63E-02,2.65510618232504E-02
116,2341.140356445312591,111.157686877753775,41.430888652801514,11.110977983279438,49.594557571411130,18.711183067255330,8531.483357729999625,1.05498341610655E-02,1.10140297505543E-02
117,2377.036645507812409,84.833178979756127,43.637977218627924,8.255073992724492,20.237877750396731,11.568276123691314,9902.110609409999597,1.3633111550007E-03,5.94258116445304E-03
118,2108.457763671875000,48.905555072514957,31.054029560089113,14.253104039549243,90.715729904174793,63.916202173619084,5643.976324010000098,-1.13E-02,2.28204207898406E-02
119,2324.426571116727700,69.436899560910120,36.877576940199909,13.657551682684465,162.350095875122975,112.673053553604248,15493.104220600000190,-6.80E-03,1.24429900289951E-02
120,2041.143237304687545,29.434551681148669,25.250992965698241,10.534245170990385,30.999529981613158,29.047365111327800,3329.485304899999846,2.78096964175347E-03,1.66002614279982E-02
121,2035.944396972656250,14.746032714843750,33.655488014221191,1.754981040954590,110.678092956542969,7.903007507324219,1505.204499660000010,-5.82E-03,3.79984138999134E-03
122,2195.487670898437500,2.889038085937500,22.998888015747070,1.510902404785156,66.928037643432617,9.081842422485352,1474.644361059999937,7.10319373092716E-03,7.08962586440975E-03
123,2203.421972656250091,14.349401737329249,41.107463455200197,11.265185253433645,80.358932495117188,10.594326970883671,4676.517055430000255,-1.35E-03,2.43986508218688E-03
124,1906.307617187500000,38.501349352618448,44.715056419372559,12.355968597821306,282.532793680826785,14.578159288219465,3749.974907780000194,-8.86E-03,1.13411900850781E-02
125,2283.807739257812500,35.577026367187500,64.287139892578125,0.805641174,71.456279754638672,1.814983367919922,974.844455947000029,1.62747626018245E-03,1.91744642506819E-03
126,1869.667211914062591,52.295972129634656,39.801414489746094,12.055382330194522,117.935858154296881,4.845991425813893,5164.037386340000012,-1.52E-03,7.32510512491968E-03
127,2305.187866210937500,20.467907191171228,32.699402809143066,11.083549922623192,32.268626093864441,21.555900315354428,3529.520550270000058,-6.46E-03,9.77409355345877E-03
128,1901.843627929687500,11.669189453125000,35.678175926208496,8.561718940734863,109.732707977294922,6.556652069091797,1718.721715740000036,1.59480613656342E-02,4.06658416613936E-03
129,1983.256591796875000,22.005280577900308,41.493149757385254,3.011551279702338,274.947463989257812,1.866472260462814,4408.503383059999578,1.30188799812458E-03,3.66940381904253E-03
130,2072.242879231770985,26.103103486845583,46.521787007649742,5.486839241075302,250.752400716145843,5.171936567665115,3068.120606699999826,2.32456991216168E-03,2.66384726740998E-03
131,2109.478393554687500,30.907348632812500,52.355394363403320,4.349988937377930,257.489776611328125,0.267456055,1825.190977259999954,-5.06E-04,6.17317855358124E-03
132,2230.337890625000000,25.110351562500000,38.382551193237305,2.236524581909180,243.097801208496094,10.748420715332031,1320.202114720000054,2.90597719140351E-03,5.46935456804931E-03
133,2218.421956380208485,24.492633780497137,40.645057678222656,5.828336920944311,248.117029825846345,7.984084588508787,2315.846556559999954,6.06052721074472E-03,5.25639113689278E-03
134,1767.033569335937500,0,22.879615783691406,0,109.079788208007812,0,402.322588274999987,-5.18E-03,0
135,2124.737265625000418,76.455733403883173,42.503654785156250,3.959996956453590,269.659607543945356,6.087413520381195,22764.656901900001685,-1.59E-03,5.51156953467257E-03
136,2236.369921874999818,44.664721950101971,49.020193481445311,6.464345617564951,272.572088623046852,3.112470190832341,2850.783087299999806,7.98634247621521E-04,4.98481833693683E-03
137,2299.914062500000000,24.962890625000000,58.218528747558594,0.085784912,281.942047119140625,0.164733887,1554.230407470000046,-6.70E-04,6.88578829795006E-04
138,2226.614420572916515,29.135927055370111,53.065640767415367,3.046359071948282,284.125244140625000,10.486903377505705,3110.594410159999825,6.03540053998586E-03,4.33609838100404E-03
139,2242.066017150879361,168.485021466553860,43.513843655586243,10.310103298554605,133.331843376159668,7.964186445015786,12958.327169000000140,-7.93E-04,3.9219931063234E-03
140,2254.636596679687500,4.402954101562500,46.893472671508789,2.992143630981445,117.716377258300781,5.629486083984375,1945.407332649999944,-5.89E-03,3.97756771417335E-03
141,2565.271923828125182,64.152388126813435,54.166986846923827,4.551972090156694,150.119427490234386,7.721101900018676,5014.002438659999825,-1.56E-03,4.71182990959504E-03
142,2005.007507324218750,11.657043457031250,38.553903579711914,0.271509171,12.724511623382568,2.869304180145264,1239.393821560000106,-8.48E-03,1.13801076076925E-03
143,2429.315087890624909,22.019004292553227,37.590238952636717,1.351662130148463,262.897534179687511,5.097002728712105,3040.365165080000224,-7.23E-03,2.50455056261465E-03
144,2175.860758463541515,13.457592980715640,26.896004358927410,1.801572085074075,305.868164062500000,11.378860337211355,1436.687172400000009,-0.013008733,9.1932347356392E-03
145,2536.255769428453732,63.284606488203600,36.056960557636465,6.937192149318418,303.934549432051824,17.454096032594091,18848.324771399999008,-3.05E-03,1.43780841681129E-02
146,2679.469238281250000,42.690601630302609,55.431160926818848,5.534339040568643,295.326004028320312,7.977887232257137,4000.775288750000072,-4.46E-03,6.62748342723155E-03
147,2479.670434570312864,107.152737865448699,44.507598114013668,4.697886538207095,228.930870056152344,12.134763307017547,8667.653678419999778,-9.59E-05,3.98890867713445E-03
148,2303.390075683593750,54.665548865480247,44.710410118103027,4.234882426652942,209.542453765869141,9.188655721909752,3045.743221539999922,-7.43E-03,2.66700307714223E-03
149,2549.675195312499909,34.625269945793129,47.606866455078126,2.016556412165418,198.033355712890625,5.324541741192707,3793.583631160000095,-4.35E-03,2.87070008811752E-03
150,2656.646993001301780,17.130116303309151,36.677864392598465,6.375009846431457,149.602958679199219,41.016416388285421,9682.762056139999913,-8.70E-03,7.99364099630718E-03
151,2789.795654296875000,0,40.073310852050781,0,300.996215820312500,0,679.497556650999968,1.72496605664492E-02,0
152,2652.322998046875000,0,47.614334106445312,0,274.321166992187500,0,595.743682044000025,8.21129232645035E-03,0
153,2712.407674153645530,95.858657992763881,55.574371125962998,5.327162612112687,268.078011406792598,6.228596833495387,14765.058222400000886,-1.03E-03,2.93348139369841E-03
154,2760.937133789062500,115.852788502653112,57.199598693847662,7.469888129006309,277.511566162109375,5.446285959680307,9001.058295439999711,-1.65E-03,4.87379525643088E-03
155,2507.477478027343750,30.271807350999318,46.272166252136230,4.133347747129632,97.671447753906250,7.334473478407955,5065.590876049999679,2.34735103731509E-03,4.84408945034011E-03
156,2544.764512803819343,61.041479129103003,44.210044436984589,5.563756403332907,113.827892727322052,16.410514326246091,7796.954460119999567,2.91108896231486E-03,5.96096033744609E-03
157,2551.876787971047179,97.432998877631562,44.742938995361321,8.494592195710284,278.094591028549985,10.791012300278579,32861.788570800003072,3.95061055956723E-04,6.25118225589188E-03
158,2607.818929036458485,67.234263630586000,49.461494445800781,4.316601194497107,229.991170247395843,4.520924362609185,3469.603362119999929,-7.23E-04,2.52107719251536E-03
159,2393.676269531249545,49.224842610528512,55.687101510854866,6.491108209444280,291.624568058894170,9.346866990513846,12828.952407299999322,-0.001855012,7.36021460446363E-03
160,2312.781201171875182,14.494726672294632,36.043648910522457,17.410821873626965,268.814871215820290,35.674444599883827,8914.071678379999867,-1.42E-02,2.84738691967144E-02
161,2469.090576171875000,0,51.189086914062500,0,244.210754394531250,0,1803.128545020000047,-1.36E-03,0
162,2299.372509765625182,39.374411186069480,49.837537574768056,7.474087458655721,294.142735290527355,10.050126170359334,18242.987735899998370,3.97497126614326E-03,5.98487676223996E-03
163,2389.577971281828923,118.676363573874710,54.540888044569229,10.764466648127097,293.660737214265055,11.164321022242476,25692.172714699998323,3.23302730059907E-03,7.04676757956846E-03
164,2511.499165196571994,124.661839709717199,56.889714764010513,6.161571718255638,252.494656470514116,12.016914159862273,30027.570110600001499,2.91696099004419E-03,5.61140546175589E-03
165,2935.669759114583485,27.157050987793355,44.108193715413414,5.068975970988926,295.626922607421875,12.741153868439755,2140.103477499999826,5.72366314008832E-03,8.59255094905533E-04
166,2655.405883789062500,40.424402695077852,55.363042831420898,2.634624248801062,272.246068318684877,5.348090396830399,4592.108851920000234,-2.98E-04,3.13437936822404E-03
167,2558.024414062500000,37.116153748412266,49.410613695780434,8.477599322029725,130.353190104166657,14.785984695726009,6820.682790779999777,-7.81E-03,1.44895055999836E-02
168,1734.720007324218841,62.831187393978475,39.260753250122072,7.345816284320626,78.779107666015619,17.208055368259583,9253.623903120000250,5.75538971461356E-03,7.65016056218672E-03
169,2570.253313337053442,42.810824598889383,35.627249853951589,4.281043997418069,131.812616620744961,5.578061560346577,4768.232792130000234,-3.96E-05,4.11367440319331E-03
170,2563.733956473214221,37.613586641576561,41.485811233520508,12.239959120440199,125.318676539829809,43.081515865191939,4765.503509739999572,1.03570155001112E-03,4.69969991430086E-02
171,2576.961809430803442,124.079678202932030,47.724195752825061,6.237437616593479,234.375592912946445,23.613777090139632,7689.549732350000340,-2.46E-03,7.60239958665216E-03
172,2686.187011718750000,16.414006026587042,48.373770713806152,1.265698864844783,208.156822204589844,2.860554533727133,2700.539947159999883,2.03669921029359E-03,7.76516310395494E-03
173,2598.789469401041515,25.487187702857263,42.580524868435333,5.674902401918182,220.318730672200530,8.934442742343814,8027.872844919999807,-4.91E-03,4.88869548489525E-03
174,2622.647998046874818,93.525102662754179,51.251986694335940,3.531063750329688,206.806654357910162,5.836870106374926,9007.799549720000869,-5.27E-03,4.2148658033021E-03
175,2427.831604003906250,59.460709102863916,45.066020965576172,4.197274110323838,228.493211746215820,3.247873456117267,6942.903525509999781,-3.12E-03,2.6231917924113E-03
176,2344.348114013671875,64.654702987323859,42.240873336791992,4.413949500590991,226.637708663940430,7.254614401254061,6820.790808910000123,-1.30E-03,5.93681862701613E-03
177,2513.646301269531250,17.878748738543354,49.920022964477539,3.581317344486663,211.350917816162109,6.570921992693718,4022.601172900000165,-6.57E-03,1.98766467378396E-03
178,2461.806884765625000,13.964067016554690,42.872737884521484,3.843798385282097,217.081886291503906,8.644475003114907,2069.447782470000220,-9.68E-03,3.59078436920165E-03
179,2577.414360894097172,146.775599540894603,51.431664360894096,8.752748757971293,226.903772989908816,12.966379691143526,10145.461281600000802,-6.23E-03,7.88306695974337E-03
180,2893.869995117187500,11.109985351562500,39.937902450561523,0.988527298,100.906135559082031,2.988937377929688,1276.967922510000108,3.35805147187784E-03,3.26123804552481E-03
181,2865.225610351562409,61.639602227127511,46.245796966552732,6.897548321337184,99.910382080078122,8.068561822388526,8766.094896419999714,-2.93E-03,3.44794877948172E-03
182,3090.404751481680705,131.300057770746776,37.428739745041405,7.321544334046649,65.266215094204597,26.402449324202632,25898.206031699999585,3.8364025154994E-03,9.2517885233634E-03
183,3075.160074869791515,29.209176275167906,56.192670186360679,1.616358280681539,317.877838134765625,4.710181819941591,964.272637829000018,3.38087603449821E-03,1.90366784723944E-03
184,2925.808227539062500,11.210571289062500,40.452032089233398,2.414445877075195,324.873443603515625,0.047607422,2028.212837629999967,-6.39E-03,1.41642615199089E-03
185,2915.091796875000000,0,43.953075408935547,0,332.443420410156250,0,1102.759069850000060,9.64538939297199E-03,0
186,2710.679728190104470,57.190514483225471,47.757815043131515,3.987686223916330,249.032941182454408,1.653590860676858,4750.269080539999777,1.71311381836858E-03,2.11309375013121E-03
187,2675.124603271484375,22.480957412027898,33.394948959350586,12.355107570198397,282.287723541259766,52.439116435197676,6421.291126389999590,-8.59E-03,1.02587307104526E-02
188,2702.671020507812500,44.517022990451295,45.913771629333496,11.179260170950737,349.534645080566406,6.257273950511614,2336.736335860000054,-5.82E-03,1.84655081921253E-02
189,2957.474609375000000,0,48.568786621093750,0,228.164978027343750,0,912.660964541999988,-8.55E-03,0
190,3026.269205729166515,37.131813217433560,53.949184417724609,1.136627748307192,240.951482137044280,2.543212623248698,2930.652210990000185,-3.03E-03,1.34276957387597E-03
191,3173.249430338541515,10.028260452683362,33.078912734985352,4.196547639221861,222.565912882486970,5.157257564772900,2697.075876729999891,-7.52E-03,1.83863992513733E-03
192,3204.986816406250000,0,36.300132751464844,0,226.259277343750000,0,1058.683773969999947,-0.020727951,0
193,3331.018493652343750,44.646574775632317,44.712222099304199,8.337206601800460,231.374557495117188,7.870888835770836,3387.789140219999808,-1.12E-03,7.20793297860614E-03
194,3265.243570963541970,30.308626536570845,40.887620290120438,1.157597197840755,222.246831258138002,9.387973397499012,4910.117413439999837,1.66777730919421E-03,4.59691921067831E-03
195,3293.791442871093750,43.765392884512643,40.388035774230957,5.888371051715039,220.234157562255859,5.869452683559500,3395.455878400000074,3.10652394546196E-04,5.33923081666625E-03
196,3472.025856711647521,108.839273528348741,47.468058326027609,7.268012279021398,212.586285677823156,7.794801634365285,9783.254516229999354,1.6243247135373E-03,4.87285321266191E-03
197,2815.484375000000000,16.374220255615324,42.639483133951821,2.541761624221348,62.697718302408852,2.428498778017512,2967.731927920000089,-4.15E-03,2.06414488891562E-03
198,2062.681030273437500,6.227905273437500,41.315813064575195,1.930856704711914,296.297576904296875,3.952026367187500,2429.435766290000174,-7.42E-03,1.10020092688501E-03
199,2159.070800781250000,0,50.474639892578125,0,277.656036376953125,0,1656.577132749999919,4.5247133821249E-03,0
200,2947.201660156250000,0,42.039710998535156,0,132.705520629882812,0,893.804734699000051,1.02055049501359E-03,0
201,2911.223144531250000,0,32.439353942871094,0,123.229759216308594,0,693.764466691000052,-2.31E-02,0
202,2888.083129882812500,4.573120117187500,26.001276016235352,0.79809761,137.893592834472656,0.477272034,1483.927181530000098,-4.98E-03,2.42342241108418E-04
203,3041.263183593750000,0,24.631790161132812,0,28.806667327880859,0,692.559739899999954,2.63211294077337E-03,0
204,3002.456054687500000,7.601318359375000,38.880870819091797,3.393184661865234,132.144680023193359,7.184604644775391,961.931382881999980,8.40321462601423E-03,1.36284343898296E-03
205,2113.580215454101562,56.486382507374927,40.032870531082146,5.056047700688779,315.632299423217773,10.614095417754365,13840.216281000000890,2.82176876953599E-03,7.9146793837357E-03
206,2032.171630859375000,0,50.577827453613281,0,298.633209228515625,0,682.968574666999984,3.09597887098789E-03,0
207,3493.260742187500000,12.520409253021629,36.984650135040283,8.357573951044543,268.206527709960938,25.564882431647678,2435.470250599999872,-2.16E-02,1.33305126024223E-02
208,2691.020426432291515,8.591649029470343,27.444301605224609,6.172357548642569,237.110244750976562,16.764896398863105,2011.258052299999918,-8.31E-03,7.29471600536724E-03
209,3083.507324218750000,52.844538817400000,45.851691109793521,3.103742154048301,52.979985918317524,45.356676957058745,5796.808682120000412,-1.49E-02,1.62798178078068E-02
210,2960.597744411891654,89.179534471138240,42.615783903333877,7.518958108336625,75.545725769466827,46.613101488270907,28728.648672899998928,-7.05E-03,1.09135318995979E-02
211,2805.171630859375000,50.064130894328635,43.568840980529785,6.573220018584028,40.419001579284668,18.615003758913588,3478.846686219999810,-1.11E-02,8.87381792195053E-03
212,2750.902392578124818,98.963311864301275,45.506400299072268,4.267587704502769,28.227787399291991,11.449402393897547,5264.519838019999952,-4.00E-03,5.62220426765133E-03
213,2752.640441894531250,76.378413210224480,48.245924949645996,2.489400801586543,36.036891937255859,4.108518226129170,3837.305868809999993,3.35305579937994E-03,3.82340594319955E-03
214,2791.883300781250000,0,24.061048507690430,0,131.439651489257812,0,388.665621029000022,1.43801709637046E-02,0
215,2962.247070312500000,0,48.449459075927734,0,146.498535156250000,0,639.038588505999996,6.36225193738937E-03,0
216,2856.154575892856883,30.505039648107459,39.046130589076455,3.934048991772014,163.670379638671875,8.922982909660664,5762.305185850000271,4.58789407275617E-03,1.20439627961522E-02
217,3054.147460937500000,0,52.445644378662109,0,145.188964843750000,0,944.196239152999965,3.5243786405772E-03,0
218,2833.375000000000000,25.543792044736666,42.995615641276039,8.860563673688429,165.447133382161468,3.549954508635905,1735.062155520000033,3.18503162513177E-03,3.11740521509905E-03
219,2506.934570312500000,86.236185277761308,43.166324615478516,6.982056473254619,126.898455301920578,3.310699140643798,4136.603509909999957,1.17898763467868E-03,6.06939561653366E-03
220,2537.816650390625000,0,45.303340911865234,0,135.361495971679688,0,1357.437622180000062,-7.90E-03,0
221,2330.406910615809011,136.159808303895005,41.972236072315880,7.877204009393903,146.288653654210748,13.639738732807908,14842.904068300000290,-1.41E-03,8.35537319643491E-03
222,2826.157226562500000,0,30.084320068359375,0,102.151161193847656,0,552.541028302999962,6.82748947292566E-03,0
223,2848.011474609375000,31.209606255128833,28.491473007202149,2.990995688548269,137.814418029785145,13.395634373855531,3680.689695160000156,6.81051132269204E-03,1.40381538056136E-02
224,2519.097229003906250,59.999566440797814,40.903401374816895,5.978867899875089,209.200271606445312,10.955084945845675,3761.290371779999987,-2.38E-03,8.37550463323374E-03
225,2706.825195312500000,0,39.920806884765625,0,50.282566070556641,0,1376.925047050000103,-4.08E-03,0
226,2949.121337890625000,65.888383478280062,40.392625808715820,11.161720630369580,22.445745706558228,12.657013554519210,2823.242748229999961,-8.02E-03,3.88972795341092E-03
227,2878.524169921875000,12.021972656250000,39.561506271362305,8.315690994262695,19.918959140777588,4.757947444915771,2588.518989589999819,-9.71E-03,3.07536916807294E-03
228,3265.841186523437500,6.685348923494412,28.934558868408203,8.152446977244935,272.853839874267578,34.815528904970733,3037.156317060000219,-2.04E-02,1.09261809293277E-02
229,3268.479003906250000,0,40.246795654296875,0,240.333007812500000,0,1903.761762990000079,5.52770448848605E-03,0
230,3204.706726074218750,21.326070742747643,38.956477165222168,1.956473188326753,95.161606311798096,151.034193203299395,2598.617771979999816,-3.11E-03,1.59200377431578E-03
231,3271.959798177083485,24.960051157428836,46.443851470947266,5.346433554736558,343.887034098307311,4.824693383121613,1580.387035729999980,2.28593110417326E-03,4.08524484288706E-03
232,3254.073974609374545,80.527265713600727,39.856621151878720,9.238764909071854,322.629916963123151,27.808305658424821,17729.974664299999858,-5.24E-03,8.66599552339409E-03
233,3037.567464192708485,20.629742584133187,37.475332895914711,7.611825999948657,189.979787190755218,9.657677972711310,3956.819906719999835,-2.20E-02,9.42292912901748E-03
234,2972.428271484374818,69.742517211859365,44.236521148681639,3.409450215194698,238.336465454101557,2.260239925444294,5576.606568260000131,-1.97E-03,5.46553920618617E-03
235,3153.773437500000000,0,38.657073974609375,0,198.863159179687500,0,1374.073414929999899,8.40434432029724E-03,0
236,3158.554443359375000,0,31.817550659179688,0,178.598373413085938,0,603.942012139999974,-8.31E-05,0
237,3134.551269531250000,0,34.539699554443359,0,162.431930541992188,0,1520.466145919999917,-7.60E-03,0
238,3503.330871582031250,2.617470947260862,38.976352691650391,1.411466231277491,281.251731872558594,18.403570165471141,3935.966952579999997,-6.50E-03,8.21435229110693E-03
239,2835.554443359375000,1.362304687500000,39.558427810668945,1.421464920043945,280.738983154296875,4.967926025390625,1703.534198560000050,5.97898499108851E-03,2.65999580733478E-03
240,3485.700439453125000,13.297119140625000,42.284948348999023,0.953855515,8.365501642227173,1.522930860519409,629.494663648000028,-0.011130404,2.22553499042988E-04
241,2593.660766601562500,23.942260742187500,54.234924316406250,2.305454254150391,161.730476379394531,1.617561340332031,1410.856137140000101,3.87738074641675E-03,4.55121987033635E-03
242,2477.222534179687500,64.795210943010872,47.364884694417313,7.861026819145495,181.817766825358092,10.415717293562254,6009.652193959999749,3.6709619841228E-04,6.13383794678254E-03
243,2610.189827473958303,68.269384033178682,45.229225413004556,3.494241886994116,175.313121541341161,9.913727375361239,14095.249693699999625,-2.33E-03,3.34244982439484E-03
244,2787.385253906250000,0,46.020568847656250,0,162.946456909179688,0,502.542100242999993,3.43652185983956E-03,0
245,2401.905192057291515,17.417456669435385,37.883609771728516,2.046339286629713,150.725402832031250,0.621473702,1823.495148980000067,3.36065834077696E-03,6.43470309354537E-04
246,2696.512451171875000,0,53.072162628173828,0,115.103775024414062,0,1491.798288640000010,3.40269459411502E-03,0
247,2468.828294020432622,91.107101170319211,31.999987895672138,16.762591375231526,155.951090886042664,56.894424370398212,11093.633789199999228,-7.80E-03,0.024838383
248,2311.938354492187500,9.484008789062500,18.522178173065186,9.235882282257080,194.989036560058594,51.352668762207031,1888.242426179999939,-3.65E-02,1.85527121648192E-02
249,2357.656860351562500,9.085327148437500,37.186199188232422,1.460700988769531,147.589431762695312,0.023269653,2101.690588320000188,-4.15E-04,2.75588950898964E-04
250,2329.683715820312500,1.305786132812500,31.398758888244629,9.112284660339355,122.395599365234375,6.429077148437500,1615.428387400000020,-1.45E-03,2.76253907941282E-04
251,2720.064086914062500,0.528686523,39.170402526855469,0.163574219,173.136306762695312,0.403244019,3434.750516340000104,-4.24E-05,0.007421785
252,2489.521044921874363,81.426331121229836,42.489911460876463,9.564967886965807,174.309384155273449,10.604210001337886,8884.270889339999485,-2.27E-03,4.87842216020942E-03
253,3111.416162109374909,60.334456714170301,35.486861801147462,10.244080066519839,179.524374389648443,13.564209494323919,3232.483596760000182,6.64305386599153E-03,4.89906282485083E-03
254,2541.952392578125000,14.182128906250000,44.802574157714844,0.98285675,96.895755767822266,0.369091034,1971.358780040000056,-7.55E-04,2.82152462750673E-03
255,2663.725179036458940,196.811916524423935,38.845875024795532,14.585539877030987,131.450886620415588,49.788713760843748,14569.992430000000240,-8.02E-03,3.49425275920749E-02
256,2721.213378906250000,0,47.428924560546875,0,80.999328613281250,0,1252.645708289999902,5.53776789456606E-03,0
257,2831.334472656250000,32.948517938565359,41.652539253234863,4.560533921156783,98.527246475219727,1.939322513930325,2058.699431139999888,6.41243415884674E-04,2.90628543719626E-03
258,2833.792236328125000,0,47.173244476318359,0,62.187049865722656,0,813.166752823000024,5.10518765076995E-03,0
259,2826.578125000000000,18.395996093750000,43.214241027832031,1.157485961914062,67.534555435180664,6.849943161010742,3912.685789780000050,7.48710054904222E-03,8.33209604024887E-04
260,2893.405354817708485,44.688965872765650,36.990507253011060,4.297257460313729,59.503079477945960,7.964495295336693,13129.992706900000485,-5.51E-03,1.09310566449838E-02
261,3130.216552734375000,30.144069449767201,42.235767364501953,2.269485279246954,177.852523803710938,27.953159448367721,2008.530294290000029,0.014814092,2.87324173143672E-03
262,2976.278869628906250,59.176090234981842,41.445427894592285,9.059694629226922,235.473403930664062,2.135361585288901,5026.016562030000387,-4.60E-03,6.56400141310628E-03
263,3202.912318638393117,68.109916827931372,31.108419418334961,5.485264727627844,71.968502862112857,19.143513070915418,14370.003185899999153,-3.68E-04,9.10174254666528E-03
264,2890.385156249999909,63.966113373313426,37.542012023925778,5.344324638283271,43.034382629394528,5.732667254537096,3273.436523859999852,1.69735429808497E-03,3.60557755968156E-03
265,2799.275146484375000,0,46.736415863037109,0,48.073345184326172,0,1122.577180799999951,8.59794951975346E-03,0
266,3037.026204427083485,14.514315725536813,39.989589691162109,1.917318640782334,184.886652628580720,29.153861619785715,1705.724835790000043,1.51683042446772E-02,8.97705327876503E-03
267,3508.604980468750000,0,24.583662033081055,0,29.388828277587891,0,310.013110340000026,1.84348281472921E-02,0
268,3392.229806082589221,73.632169513413288,35.341882433210095,6.081178183033386,59.961757659912109,18.073585989709084,5637.734408880000046,-4.78E-03,4.30274568130197E-03
269,2618.031005859375000,0,8.083248138427734,0,288.601989746093750,0,1839.255210439999928,-7.42E-02,0
270,2624.113891601562500,13.670532226562500,39.973197937011719,0.767463684,91.243690490722656,1.172554016113281,1178.487416050000093,-1.13E-02,1.64580112323165E-03
271,2626.115112304687500,0.479370117,8.970445156097412,4.301366329193115,111.611506462097168,84.872715950012207,3298.826058290000219,0.140080336,8.19641463458538E-02
272,2624.695626395089221,10.065080426680208,18.544521876743861,8.352170314839121,123.663404192243291,48.357813847420424,5806.477695820000008,-9.37E-03,2.21746841659374E-02
273,2413.244140625000000,0,22.100175857543945,0,198.473587036132812,0,495.465067357999999,-3.01E-02,0
274,2431.494384765625000,0,52.028297424316406,0,211.948684692382812,0,1113.419933489999949,7.98973720520735E-03,0
275,2430.770446777343750,8.974980744283805,35.032776355743408,5.902979185179294,75.694535255432129,14.388740749389859,2760.267904629999975,5.23959536803886E-03,2.53654917592792E-02
276,2391.166870117187500,3.412931532089071,9.582155585289001,2.863883591851117,159.557453155517578,62.273586257984014,2792.946243870000217,2.77744580525905E-02,4.06561201401943E-02
277,2958.665771484375000,0,37.156608581542969,0,94.292076110839844,0,374.426704787000006,-1.08E-02,0
278,2915.639770507812500,26.611450195312500,41.311103820800781,0.262874603,218.773353576660156,12.658317565917969,1211.207238799999914,-5.43E-03,5.09194305050187E-03
279,3093.152832031250000,0,42.103614807128906,0,128.551315307617188,0,1556.886178709999967,-5.54E-03,0
280,3072.506225585937500,31.401489257812500,46.403249740600586,2.342611312866211,132.542663574218750,1.998123168945312,1927.513449219999984,-2.80E-03,3.7989947013557E-03
281,2779.755126953125000,0,45.015480041503906,0,157.584396362304688,0,309.015075185999990,-2.44E-03,0
282,2756.849121093750000,14.710449218750000,51.544603347778320,1.873830795288086,131.280990600585938,2.875000000000000,3169.127154220000193,-3.76E-03,1.89533835509792E-03
283,2518.306213378906250,57.581340248515630,47.309102058410645,2.310818027982574,162.584850311279297,7.083496700547815,2445.197987760000160,-3.78E-03,1.11759126537522E-03
284,2622.961600167410779,78.141137523084979,43.686724526541575,6.074828070617466,151.255848475864951,4.957229966947875,7341.028028290000293,-1.01E-03,7.02333765015721E-03
285,2597.034749348958485,12.131951384981171,41.473246256510414,5.042192938081428,117.128318786621094,16.213701307446797,2808.753734909999821,-1.12E-02,7.61797881372526E-03
286,2725.899658203125000,38.517578125000000,52.914989471435547,0.617321014,109.268989562988281,11.121376037597656,1080.200345559999960,2.67242721747607E-03,3.72378912288696E-03
287,2676.902343750000000,0,28.083021163940430,0,131.007186889648438,0,648.547881469000004,-3.07E-03,0
288,2511.199707031250000,0,49.768226623535156,0,146.475677490234375,0,2626.107606040000064,-9.80E-03,0
289,2456.591308593750000,40.615314698008021,45.977117538452148,11.026895592168302,152.825307210286468,17.101851067414245,2897.391699190000054,-7.23E-03,4.55893395534933E-03
290,2662.052490234375000,0,20.857088088989258,0,138.738647460937500,0,220.395196602999988,5.55261643603444E-03,0
291,2775.583007812500000,0,54.602981567382812,0,135.716369628906250,0,456.654961652999987,3.76876816153526E-03,0
292,2619.760253906250000,25.166015625000000,44.989206314086914,8.943494796752930,138.786895751953125,1.095123291015625,1926.406870609999942,-4.39E-06,1.81891705142334E-03
293,3025.673095703125000,0,19.867403030395508,0,284.766052246093750,0,594.104844653999976,9.91269666701555E-03,0
294,2874.314941406250000,0,21.922542572021484,0,351.473602294921875,0,1053.230129730000044,1.32512412965298E-02,0
295,2982.720336914062500,0.05456543,40.215299606323242,1.618608474731445,272.088607788085938,4.235336303710938,1186.660929720000013,5.64387231133878E-03,5.49404649063945E-04
296,2021.209025065104242,20.156581651520305,51.209650675455727,0.938168448,278.335886637369811,2.612302900454341,2499.105865949999952,-3.92E-03,1.23487825266226E-03
297,1863.056884765625000,5.232361290402848,24.950900395711262,7.792270019636034,262.578404744466127,18.968960014879954,2636.612634510000134,-2.32E-02,3.18417760015318E-03
298,1922.371948242187500,0,48.099048614501953,0,289.881378173828125,0,1182.774714070000073,-8.89E-03,0
299,3600.402587890625000,13.203569939694811,30.048021316528320,8.564292047181706,192.601826985677093,18.943457724700139,1965.243158089999952,-1.28E-02,7.70197592451876E-03
300,4007.198974609375000,0,36.541400909423828,0,202.437347412109375,0,1483.006518610000057,-7.27E-04,0
301,2501.042480468750000,12.242187500000000,30.129213333129883,7.208234786987305,293.151840209960938,1.642837524414062,1921.224516120000089,-1.29E-02,4.08343458548188E-03
302,1501.500474717881843,68.732978041744175,38.205648369259308,15.014811604813481,124.892170376247833,24.357633561998853,7522.766837170000144,-2.18E-02,4.72791255475633E-02
303,1698.298723493303669,72.094040895987831,43.811659949166440,8.665727962246143,137.236149379185292,5.262380914728964,6053.467334320000191,5.16276000001069E-04,3.8977347299585E-03
304,2200.086181640625000,0,51.823612213134766,0,156.840286254882812,0,539.627010927000015,9.53894574195147E-04,0
305,1798.750488281250000,115.056589532820837,45.007832209269203,5.638891291791678,121.497968037923172,9.314232675282950,5807.554488320000019,3.73499967584697E-04,9.45893005007134E-03
306,2084.627929687500000,0,41.993484497070312,0,134.240707397460938,0,1316.904558210000005,-1.08E-02,0
307,2016.958862304687500,43.065043812463600,45.505540211995445,3.698527512028867,157.769124348958343,3.928556128239912,2994.940889540000171,-2.58E-03,1.8290697233781E-03
308,1563.964843750000000,25.316312654425513,27.499078419565194,23.370525953328123,66.454734802246094,34.068382278943808,3988.791689579999911,4.66381821548566E-02,9.21341808937059E-02
309,1574.260213216145758,40.509432646084640,31.963081995646160,18.101576515910036,186.547019958496094,75.846766323273286,2903.435505240000111,7.47657990480851E-03,5.8704506299499E-03
310,1622.511206054687591,40.515043427162084,41.331078147888185,14.476116471519566,249.312850952148438,13.840040368475636,3812.050535039999886,2.18818904832006E-03,1.57431188051134E-02
311,1635.281738281250000,20.533864249204985,51.906785329182945,0.659208704,275.508697509765625,3.193503178849571,3370.458412250000038,2.12296734874447E-03,6.11995094910014E-03
312,1652.476824079241169,76.166291769862156,44.767829350062783,17.697978424811449,114.526295253208701,63.684125361643900,5051.180268289999731,4.91795084820166E-03,5.16518763910241E-03
313,2017.179687500000000,15.404907226562500,45.625497817993164,1.342344284057617,109.239631652832031,8.201660156250000,1267.111470139999938,6.80998340249062E-03,2.49945092946291E-03
314,1976.948588053385492,63.092041770004506,43.763345082600907,3.124171398696789,74.805020014444978,24.213053240981740,5188.314537979999841,5.24527878345301E-03,5.87676407219153E-03
315,2017.099243164062500,0,49.511054992675781,0,132.447265625000000,0,410.372650855000018,2.45545106008649E-03,0
316,2132.097305297851562,81.561719606615952,56.588347673416145,5.467038957753693,77.696295261383042,17.225781394855762,14462.378697800000737,-6.11E-03,3.74138401128953E-03
317,1981.903839111328125,35.333349274847052,36.468019485473633,12.787483113761947,47.990845680236816,2.150895033596844,4041.332079580000027,1.36041914811358E-03,3.88819762769545E-03
318,2349.463500976562500,16.072875976562500,49.191438674926758,0.560743332,77.365978240966797,8.331569671630859,1653.956329180000012,-1.10E-02,2.42101540789008E-03
319,2201.285400390625000,0,66.377548217773438,0,95.095520019531250,0,1423.206065009999975,-0.001760668,0
320,2083.225830078125000,0,40.013504028320312,0,56.333930969238281,0,2256.532375709999997,-3.58E-03,0
321,2051.723937988281250,44.682279544608306,38.761240641276039,5.011227595902513,64.271450042724609,10.717246457201226,7067.374246809999931,-9.51E-03,6.28415343633635E-03
322,2447.389892578125000,57.445312500000000,60.722702026367188,0.238227844,92.875663757324219,1.564674377441406,1656.558765040000026,7.64127122238278E-04,4.92748874239624E-03
323,2392.381591796875000,80.424777971753144,57.318087259928383,2.024904386244903,126.205276489257812,15.060191594090606,2714.324252729999898,1.32682821713388E-02,1.47961988651146E-02
324,2552.791259765625000,0,64.443107604980469,0,115.619468688964844,0,508.175505913999984,1.74137558788061E-02,0
325,2069.612792968750000,53.939048337924874,56.909883499145508,7.754802126685471,116.170450210571289,11.616964607747372,3243.114990000000034,-5.75E-03,4.46484703314384E-03
326,2478.680419921875000,0,62.456306457519531,0,104.696342468261719,0,1368.423744120000038,3.15997353754938E-03,0
327,1983.865966796875000,0,42.688461303710938,0,58.420299530029297,0,787.824486238999953,7.92781822383404E-03,0
328,1730.640869140625000,0,37.711128234863281,0,73.722969055175781,0,350.429076139000017,4.1208378970623E-03,0
329,1739.014697265625045,29.958139285662611,41.553527069091800,4.628460833143079,86.378924560546878,5.467256699839181,5495.842359899999792,-6.21E-03,5.30495532269867E-03
330,1680.313598632812500,0,45.411132812500000,0,59.018627166748047,0,461.498734720000016,2.59710970567539E-04,0
331,1704.562164306640625,24.231632778997771,39.256168365478516,2.557363093188644,77.273742675781250,13.034501806269748,3458.657227159999820,-1.12E-02,3.58729228915409E-03
332,1600.179260253906250,10.438903808593750,34.718755722045898,0.168317795,85.442848205566406,3.605766296386719,1393.078159820000110,-9.71E-04,2.74225021712482E-06
333,1680.260498046875000,17.460327148437500,48.220479965209961,4.592210769653320,72.378799438476562,5.050071716308594,1274.490962170000103,1.17223444394767E-02,3.08460602536798E-03
334,1827.274719238281250,22.489074707031250,53.742792129516602,1.182958602905273,103.342670440673828,0.749797821,2308.873584020000180,-9.83E-04,1.0781416312966E-03
335,1721.767283121744867,71.239471728212052,48.126910527547210,4.506811970294208,91.743402481079087,9.092321897055898,11127.479368800000884,4.84718036022969E-03,7.81597017525616E-03
336,2172.140625000000000,27.942770290868967,54.923510233561196,0.637547591,147.255767822265625,7.822252781530418,1637.473904010000069,-4.62E-03,1.85606968037419E-02
337,2276.281250000000000,0,37.623794555664062,0,139.140274047851562,0,793.053268290999995,1.20410043746233E-02,0
338,2235.175537109375000,21.833900924456259,49.335137685139976,3.410860664656677,156.431686401367188,6.691894240183907,3187.816999409999880,6.17276721944412E-03,1.33714121711022E-03
339,2196.273583984374909,50.379215190159400,47.955652618408202,3.931868489161729,155.118661499023432,16.915409333442568,5819.585175039999740,5.44915650971234E-04,4.57309312731414E-03
340,2282.583077566964221,48.586333066839600,49.149731227329795,5.602266048630504,141.223007202148438,3.662398345109301,7591.918001779999940,-2.00E-03,2.91533228497105E-03
341,2192.568847656250000,0,41.741985321044922,0,163.387161254882812,0,879.294837750000056,-2.77E-03,0
342,2146.553955078125000,0,57.545448303222656,0,128.384475708007812,0,376.880939544000000,5.51086338236928E-03,0
343,1939.981159210205078,173.954485259551603,41.336205445584483,10.372429158336983,57.909439086914062,17.675165006166402,28266.717346099998394,5.29180187595557E-03,4.11612283721891E-02
344,1913.674957275390625,56.731326427382456,50.505054473876953,4.704966050681851,81.271257400512695,13.652834947430941,3100.583399189999909,-3.94E-03,3.78426366335544E-03
345,1553.649505615234375,17.889207252893165,13.623524553020616,14.870535821276414,45.525484085083008,46.679660313939010,1962.174975249999989,0.12026549,0.110620358
346,1609.653808593750000,0,37.401500701904297,0,73.213867187500000,0,581.650811040999997,-1.55E-02,0
347,1795.407226562500000,0,47.373752593994141,0,89.631874084472656,0,1379.399415300000101,-7.09E-04,0
348,1960.298339843750000,0,55.151027679443359,0,91.130172729492188,0,958.399822244000006,4.72438149154186E-03,0
349,2417.155192057291515,102.512932945862161,48.123789469401039,5.101783441798493,148.801415337456604,10.173685210180910,5287.424551840000277,-2.57E-03,3.66593460172562E-03
350,2218.791678292410779,64.771269504516439,43.094788142613005,4.155617133263111,163.511587960379444,9.895043756103858,3922.760379679999915,4.60407528693655E-03,2.07642475253262E-03
351,2477.126557849701840,98.676000507351489,45.925263541085378,5.647533350941428,136.552029927571596,8.384845336370892,19895.681464500001312,-1.58E-03,6.32166577000662E-03
352,2410.204394531249818,84.071032078413111,49.264727783203128,4.840740008199497,224.032186889648443,4.949334355491097,5271.427699619999657,-3.97E-03,2.78218254631379E-03
353,2080.845703125000000,0,37.046100616455078,0,168.562805175781250,0,766.225067341999988,1.13613521680236E-02,0
354,1947.784423828125000,49.039794921875000,51.125381469726562,0.896781921,197.975402832031250,4.954742431640625,1933.028253239999913,3.86638508643955E-04,9.1349141439423E-04
355,1685.086425781250000,0,52.774372100830078,0,206.454254150390625,0,738.554180117999977,4.60372492671013E-03,0
356,1644.207031250000000,28.522216796875000,31.432723999023438,6.601871490478516,70.083822250366211,13.856554031372070,2011.904367630000024,4.10652000573464E-03,3.46525452914648E-03
357,2312.136108398437500,18.049926757812500,45.873338699340820,2.323286056518555,264.822784423828125,3.458190917968750,1973.456724970000096,-1.93E-04,1.82443810626864E-03
358,1904.332275390625000,0,36.212711334228516,0,247.538909912109375,0,2396.797933440000179,9.96708776801825E-03,0
359,1975.740055964543444,61.302072261991782,49.614712935227615,3.600129519505445,248.001376812274628,13.566210215376051,10721.312639199999467,9.98896979581332E-04,6.02132360559306E-03
360,2168.731933593749545,95.127225657802441,56.019443685358226,4.106877624399655,247.305782664905905,9.529360300914416,24411.290258299999550,-1.76E-03,7.8771853504997E-03
361,2276.702311197916970,122.900921848573574,56.006814956665039,7.220982252287391,234.922953287760436,3.705680459585232,4118.726011609999659,-1.96E-03,4.03372924443843E-03
362,2156.482421875000000,57.567382812500000,61.420312881469727,1.488874435424805,236.588813781738281,2.622322082519531,1244.097654859999921,-2.15E-03,1.9161957243341E-03
363,2027.679687500000000,0,42.024791717529297,0,147.579925537109375,0,762.029510794999965,9.50845517218113E-03,0
364,1660.468017578125000,11.986572265625000,42.290220260620117,1.646997451782227,145.753982543945312,8.260299682617188,1669.317152350000015,-4.18E-03,6.61026535090059E-03
365,1553.728922526041742,9.451669124976425,18.038215895493824,12.705025159708502,294.877105712890625,14.561962967661088,3662.482184250000046,8.63053587575754E-03,1.91604767358378E-02
366,1502.783203125000000,0,32.642189025878906,0,231.595138549804688,0,831.218152478999968,-2.32E-03,0
367,1485.532836914062500,5.029418945312500,25.121387481689453,4.551216125488281,243.777580261230469,8.847557067871094,1104.585923309999998,-1.71E-02,1.18499519303441E-02
368,1608.111694335937500,0,54.643489837646484,0,107.664253234863281,0,1374.136029589999907,1.62684801034629E-03,0
369,1635.285085042317633,49.544693278095089,48.093566735585533,9.621632730672575,255.225744883219420,7.831044365923223,8480.577692909999314,1.55732005805476E-03,6.08286571275332E-03
370,1702.898803710937500,0,40.333534240722656,0,273.973236083984375,0,1334.224573180000107,3.40763363055885E-04,0
371,1943.014764694940595,106.648040061570001,51.971004122779483,8.309452473700439,255.357790992373509,3.975330307675999,16922.064706199998909,1.80688343798032E-03,3.69010265179611E-03
372,2086.975372314453125,69.829855769753976,55.024254798889153,4.249392345824666,254.892590840657562,2.557451504167953,10615.281286999999793,3.75468409401947E-04,6.63310484272674E-03
373,2091.480651855468750,87.244966382146217,50.715577125549316,5.454992684490707,264.454635620117188,10.245985270074359,4873.721571789999871,8.40712268836796E-03,9.68592926372824E-03
374,1683.121602376302008,28.497231320952366,51.714898427327469,3.358808348617723,234.797711690266937,3.175112490538439,3909.273274289999790,1.36436844089379E-03,5.15828506563972E-03
375,1801.243367513020758,11.201116428092066,45.389218648274742,1.052739176265445,239.778757731119782,5.177308185468726,2035.595777909999924,3.01242108495596E-03,3.25099521465238E-03
376,1436.811767578125000,8.851806640625000,39.104543685913086,3.607679367065430,114.052619934082031,9.264877319335938,1670.010541999999987,-1.99E-03,5.21679932717234E-04
377,1571.879333496093750,20.112121582031250,43.343666076660156,5.919445037841797,98.723468780517578,16.604869842529297,1117.905830109999897,6.79079967085272E-03,0.006587548
378,1661.456583658854242,19.969022048131169,44.569894154866539,3.273414731766454,97.821596781412765,2.145472422552425,1891.919527719999905,-1.76E-02,9.54658034692005E-03
379,1412.665710449218750,3.539733886718750,26.211700439453125,1.242822647094727,126.377674102783203,2.862895965576172,2872.875929559999804,-1.35E-02,1.10386414453387E-02
380,1498.633178710937500,0,52.632068634033203,0,187.655715942382812,0,559.524899483000013,6.17467099800706E-03,0
381,1759.531656901041742,12.119151904257734,40.412054697672524,2.130893096120905,265.725453694661439,10.293860536989074,2701.725946680000106,8.38314648717642E-03,4.07655842139885E-03
382,1511.336954752604242,7.188245721039233,24.899583498636883,7.412069710258984,170.806526184082031,43.536269347241358,2169.881189629999881,-2.63E-02,2.27311907019076E-02
383,1577.930078124999909,38.397712525610935,41.186620330810548,9.982009661591135,258.428265380859386,9.383487551964739,3459.296323649999977,4.2296836618334E-03,1.35570654951738E-02
384,1540.862084960937409,44.062976628586675,46.039640045166017,2.015534164775426,258.417193603515614,3.285976366771441,3140.731351110000105,1.33834478911012E-03,5.2858507438833E-03
385,1709.201303335336434,100.254086532873785,45.615566693819481,8.315695012737917,193.018108661358184,5.232497124783495,10960.600168400000257,-4.22E-03,2.04193748313773E-03
386,1549.405029296875000,0,44.339630126953125,0,298.952056884765625,0,1208.905335389999891,4.79822000488639E-03,0
387,2311.786865234375000,0,26.266723632812500,0,157.892425537109375,0,1064.670519069999955,1.73871067818254E-03,0
388,1977.749511718750000,0,42.621452331542969,0,114.905242919921875,0,461.239752672000009,3.63025045953691E-03,0
389,1956.133117675781250,15.109802246093750,30.006608963012695,7.587690353393555,50.198570251464844,6.342426300048828,872.782799873000044,9.25516156712547E-03,1.06421615346335E-02
390,1851.822229003906159,87.024660845243503,40.409491157531747,6.740362368720012,270.618432617187466,6.032038107070086,9014.679369319999751,-5.30E-03,4.31437199197403E-03
391,2103.289550781250000,0,26.209136962890625,0,23.126657485961914,0,1602.565116550000084,4.24016918987036E-03,0
392,2042.629536946614508,52.979166679843146,53.560520172119141,5.842010511242050,253.577362060546875,4.874088409632868,6485.053042409999762,-3.44E-03,2.56315271854187E-03
393,1991.393798828125000,0,9.985806465148926,0,36.514419555664062,0,454.895378950000008,1.58807151019573E-02,0
394,1505.918497721354242,6.125223867981107,53.768128712972008,2.129392735049020,125.633697509765625,2.460256131119666,2125.276690359999975,4.76164075856408E-03,1.76504715547627E-03
395,1394.843872070312500,3.000732421875000,46.804075241088867,1.214860916137695,118.329010009765625,1.647613525390625,2636.324740019999808,-5.29E-03,5.49611155292951E-03
396,1331.851318359375000,0,41.027683258056641,0,299.410308837890625,0,678.617374723000012,2.49731866642833E-03,0
397,1395.217163085937500,0,40.991603851318359,0,301.535522460937500,0,1575.575497529999893,1.71942450106144E-02,0
398,1492.157043457031250,8.909606933593750,38.586406707763672,1.421833038330078,277.186889648437500,0.339019775,2801.637171100000160,1.31014212965965E-02,2.7284137904644E-03
399,1364.216430664062500,13.470070230266822,47.060096740722656,2.680566583362149,115.171137491861984,16.289949556548944,3101.588091539999823,-1.08E-03,6.83217028225484E-03
400,1662.200317382812500,1.803710937500000,35.986364364624023,0.25104332,267.228454589843750,6.989105224609375,2194.633734840000216,-9.16E-03,4.98183746822178E-03
401,1359.080444335937500,71.964472072036770,58.100139379501343,6.260118022623920,139.917382240295410,6.405757673279322,14493.813373799999681,-1.06E-03,9.04869183847151E-03
402,1473.297729492187500,0,33.458522796630859,0,113.419616699218750,0,140.285877365000005,2.01628394424915E-02,0
403,1411.971801757812500,5.346691994848848,9.263267159461975,6.297519055269995,119.101594924926758,97.035346386753346,2413.908594649999941,-1.20E-02,0.023723049
404,2827.835449218750000,0,21.845134735107422,0,142.269622802734375,0,431.871598498000026,-5.46E-03,0
405,1550.581136067708258,11.166884866760421,35.861672719319664,0.65928315,62.929083506266274,6.590250837705139,1729.178062960000034,8.32001197462281E-03,2.33274122564474E-03
406,1514.785888671875000,0,9.262607574462891,0,76.140922546386719,0,1545.152313929999991,8.88532772660255E-03,0
407,1692.558349609375000,0,40.155982971191406,0,126.819412231445312,0,589.882453002000034,3.3693783916533E-03,0
408,1557.842773437500000,0,62.970104217529297,0,107.380531311035156,0,1628.159082339999941,8.22325795888901E-03,0
409,1806.899902343750000,0,38.676284790039062,0,238.060440063476562,0,442.723078997000016,-5.54E-03,0
410,1422.261169433593750,8.536682128906250,34.627033233642578,1.847953796386719,295.788131713867188,2.085464477539062,717.863790472999995,-1.39E-03,3.16782511072233E-03
411,1674.796844482421875,4.111944485286689,39.210926055908203,6.775059848019384,270.199741363525391,15.196619119233423,2210.280843659999846,-7.11E-03,5.39562343314228E-03
412,1699.489257812500000,0,43.908451080322266,0,103.495162963867188,0,1060.563664120000112,-7.74E-03,0
413,1625.042602539062500,0,53.487747192382812,0,102.276634216308594,0,1022.105281060000038,-5.72E-03,0
414,2577.668945312500000,10.681107630114743,29.137511571248371,3.647644307153643,282.184061686197936,1.371056414983724,2254.783054940000056,-3.57E-03,3.01023966798503E-03
415,1967.454833984375000,0,60.838043212890625,0,133.435409545898438,0,993.283828900000003,-3.97E-03,0
416,2190.130981445312500,10.247192382812500,35.269554138183594,4.811603546142578,124.367950439453125,1.142341613769531,1549.877356610000106,-2.09E-03,1.31833797786385E-03
417,1864.486065204326906,57.145516395273006,40.424269401110124,17.172507504590843,129.248619373028106,63.190123008220105,24421.419151599999168,-8.07E-04,9.89104568789424E-03
418,1930.218017578125000,29.287597656250000,37.190191268920898,0.261266708,307.991867065429688,6.274826049804688,1744.069078040000022,7.82431685365736E-04,3.35415673907846E-03
419,1849.055297851562500,4.933471679687500,39.849300384521484,4.667392730712891,249.571556091308594,1.575996398925781,808.841075491999959,4.19995398260653E-04,2.63037940021604E-03
420,2265.002441406250000,18.321025998795182,41.493263244628906,2.731334786152730,270.657969156901061,3.524688363892122,1953.000192040000002,-3.82E-03,2.19233790428275E-03
421,2289.053222656250000,32.563303306638446,43.391694386800133,5.761271699346654,274.643361409505189,1.355109565320404,1505.972225310000113,2.26886469075301E-03,1.68849878373017E-03
422,2263.251627604166515,133.913246447150158,47.901198069254555,0.91295062,246.025878906250000,5.638661767114019,2414.011599639999986,-0.003562282,1.50583689957721E-03
423,2312.131103515625000,11.072021484375000,48.299074172973633,1.686407089233398,239.009681701660156,5.415855407714844,1967.289625090000072,-3.66E-03,4.4117545185145E-03
424,2115.677815755208485,36.110467886433078,39.432262420654297,3.415746952412182,312.718750000000000,4.299373267175220,1494.179377030000069,-5.36E-03,5.27758679869895E-03
425,2127.909973144531250,54.611913264685512,43.178825378417969,4.611897314373644,306.760566711425781,3.108928233889583,4683.903086110000004,-1.07E-03,2.59644589538071E-03
426,2248.075846354166515,55.676185750907834,44.852153778076172,5.590391709161866,297.406738281250000,3.930868399464161,2470.690797929999917,1.60484411753714E-03,5.64363434968666E-03
427,1967.175048828125000,6.080322265625000,38.773822784423828,2.090492248535156,310.176788330078125,1.014678955078125,535.004771153999968,3.76494587544585E-03,3.60656590055441E-03
428,1793.965148925781250,19.528625488281250,48.000944137573242,2.016622543334961,279.326416015625000,0.198760986,2372.303489559999889,-1.21E-03,2.78104830067605E-03
429,1907.281372070312500,0.863525391,46.676519393920898,1.208959579467773,282.951095581054688,0.956924438,643.753668444000027,1.71884894371033E-04,9.14669036865234E-03
430,1787.170068359374909,71.753416605899687,40.145932769775392,7.437398922634113,282.184436035156239,8.063193017691962,4550.800800539999727,-6.59E-03,7.90114791192283E-03
431,1741.141072591145758,4.677618891335320,33.849618275960289,2.500572999106066,280.700780232747377,24.765952202338017,1444.039181780000035,-1.43E-02,6.10323793773255E-03
432,1721.166259765625000,1.876831054687500,30.455448150634766,0.6515522,274.814117431640625,17.041107177734375,723.652932276000001,-1.71E-02,5.01101370900869E-03
433,1923.308349609375000,0,36.990867614746094,0,226.323303222656250,0,1001.055435549999970,1.02032041177154E-02,0
434,1941.879577636718750,4.308288574218750,45.015426635742188,0.453022003,279.465713500976562,1.518600463867188,1852.934883129999889,2.14136205613613E-03,7.66212493181229E-03
435,2153.753784179687500,65.510375976562500,51.325300216674805,7.429445266723633,251.665206909179688,4.587265014648438,876.768442844999981,8.75785777316196E-03,8.69971310748952E-03
436,2106.360595703125000,0,55.753105163574219,0,247.820739746093750,0,1369.346521919999986,4.66981623321772E-03,0
437,1806.597045898437500,0,37.704334259033203,0,298.164459228515625,0,523.502709256999992,1.48284584283829E-02,0
438,2199.426879882812500,14.223999023437500,42.805164337158203,6.180065155029297,93.917640686035156,11.872268676757812,1717.931022880000000,7.00098025845364E-03,5.2775998483412E-03
439,1710.069702148437500,0,35.419803619384766,0,232.263809204101562,0,716.828150678000043,-9.32E-03,0
440,1707.584981282552008,17.347082703006251,40.045469919840500,2.947592036173329,260.348403930664062,4.150317801556572,5750.205584930000441,4.27481538887757E-03,6.29311286382639E-03
441,1844.793395996093750,0.968078613,47.281881332397461,0.696386337,259.418777465820312,18.052658081054688,1564.002360720000070,2.01341519132257E-02,0.006985686
442,1841.133483886718750,4.895812988281250,48.647747039794922,1.224185943603516,220.135322570800781,5.252647399902344,1815.290433599999915,3.54686556966044E-03,4.39775278209709E-03
443,1830.563110351562500,0,47.796100616455078,0,290.000823974609375,0,1207.404887109999891,7.25526479072869E-04,0
444,1851.834350585937500,45.729675776276935,40.947354634602867,7.694277304826739,283.651641845703125,12.987891391362243,2952.119278950000080,6.11499953083694E-03,0.012072276
445,1765.306335449218750,43.122642722396279,41.406242370605469,8.309607124746579,275.627939860026004,15.354982543223905,4103.511251099999754,5.88627272372833E-03,7.16213833349483E-03
446,1754.972595214843750,6.439758300781250,34.959369659423828,0.590114594,142.974433898925781,9.404960632324219,779.286196410000002,5.14364847913384E-03,1.80126307532191E-03
447,1725.406372070312500,0,41.489345550537109,0,161.049636840820312,0,373.832536061999974,1.78511789999902E-03,0
448,1716.533471679687409,28.248990312335945,31.098001384735106,14.042930424892804,105.909368896484381,8.721162244118908,5349.701896300000044,-1.41E-03,7.54636470862516E-03
449,1684.027323404947992,12.801207729894530,20.542694489161175,11.790006292477003,105.434111277262375,12.025350703245298,5516.952378859999953,1.98654644191265E-03,1.46324648264661E-02
450,1669.108357747395758,19.392959022843080,27.525495847066242,4.285333446878453,154.792144775390625,15.280748427593458,6676.193666940000185,4.1659843797485E-04,1.34448857798431E-02
451,1818.026794433593750,26.427551269531250,49.974187850952148,0.019987106,121.280719757080078,5.638065338134766,1743.023321800000076,-3.38E-03,5.41030603926629E-03
452,1723.810709635416742,14.869984083383772,37.212928771972656,0.592576111,140.425633748372405,4.251717754433704,1543.674652140000035,-4.40E-03,6.17256254742424E-03
453,1689.574096679687500,0,20.586872100830078,0,169.807235717773438,0,1485.156881740000017,-2.30E-02,0
454,1747.177539062500045,57.753338189302035,44.404735755920413,17.360396622420616,123.713009643554685,4.620950452686531,4171.199547500000335,-2.33E-03,8.1824345976554E-03
455,1828.344451904296875,66.958758506462686,50.008872985839844,6.554662550279743,122.828308105468750,10.220934121807861,3442.718109530000220,-2.21E-03,3.16953388955379E-03
456,1958.695251464843750,40.800231933593750,37.392850875854492,3.120542526245117,98.472381591796875,1.903686523437500,1941.976148060000014,-1.23E-03,1.39118427614449E-03
457,1958.755119772518356,206.841514331549263,36.143858068129596,6.195508801242415,168.760546515969679,18.794191536171610,19128.150369499999215,-9.23E-03,7.20315356623497E-03
458,1673.623500279017890,26.583524829407310,33.534815107073101,8.327520771002137,339.679983956473222,14.860052406350944,6439.150805299999774,6.50220055831596E-03,1.08542281060427E-02
459,2085.685156250000091,37.512622241399718,44.640421295166014,6.898586501789240,143.399804687499994,5.083155155983389,4721.278206189999764,1.72337575349957E-03,4.87325707907943E-03
460,1929.384399414062500,1.953857421875000,32.383960723876953,1.489292144775391,270.253067016601562,8.530929565429688,854.552368580000007,1.03554286761209E-02,1.23317773686722E-02
461,1855.544433593750000,0,56.214973449707031,0,132.916702270507812,0,1480.144721469999922,-7.30E-04,0
462,1780.231160481770758,55.033879335365441,46.345770517985024,10.147347757672529,146.407887776692718,8.190752757693433,3046.812884429999940,9.80236055329442E-03,3.39454637907509E-03
463,1707.748892647879302,48.392527187373879,33.765885489327573,5.716218001570350,160.066409519740517,14.569450485411815,13998.377381099999184,-2.13E-03,6.04365525190213E-03
464,1758.355489095052008,48.729022900667189,44.765247980753578,8.964130148976885,184.063641866048187,9.755457202738191,3082.850274729999910,-1.27E-03,3.17904882480684E-03
465,1670.106762695312455,49.404607829056211,42.901332092285159,2.588163807401455,164.133279418945307,4.197982400625969,3375.319682849999936,-1.31E-03,2.40639523335041E-03
466,1774.056396484375000,0,35.783969879150391,0,146.864059448242188,0,1062.152679089999992,-0.014264983,0
467,2272.143458775111867,138.861555196215164,44.148605891636436,4.991036454135826,173.299222673688632,13.466587883672680,12175.039309199999479,-7.59E-04,5.23726867402542E-03
468,2007.880957031250091,82.764294003015578,42.692187881469728,3.497325887376945,180.055194091796892,8.501117155923890,6876.353338910000275,-5.42E-03,7.38061226122008E-03
469,2158.145050048828125,111.513193567131125,40.287548542022705,9.663543980491843,148.297453880310059,15.560278879917137,10899.967559799999435,4.22702547984954E-03,0.007399229
470,2131.142517089843750,31.500558616577802,35.092461109161377,8.877179275142623,135.740314483642578,3.812782484731451,3045.272080879999976,-4.02E-03,5.32977095779513E-03
471,1655.483317057291742,23.327042172823088,32.272048314412437,4.738956644815969,26.555905659993492,10.865503231087214,1663.353350030000001,-1.61E-03,4.20742917438527E-03
472,2031.299133300781250,13.720520019531250,41.265497207641602,0.195795059,248.462203979492188,1.923843383789062,2263.572860109999965,1.38970264233649E-02,1.74229172989726E-03
473,2779.734375000000000,28.728515625000000,44.325300216674805,4.536741256713867,247.704711914062500,7.262802124023438,2521.808223300000009,7.62632070109248E-03,2.27137515321374E-03
474,3341.042602539062500,44.836547851562500,39.365831375122070,0.062147141,244.022079467773438,1.266815185546875,2396.107009140000173,-9.92E-04,6.31622085347772E-03
475,1945.463867187500000,12.693359375000000,44.894126892089844,12.253494262695312,116.409660339355469,2.513496398925781,2465.459563160000016,-2.15E-03,1.30391679704189E-04
476,1914.609880719865942,70.580500877540231,42.742546490260537,7.094033384226493,122.188928331647588,13.300206277136157,12738.231269300000349,2.70522883095379E-03,0.010429807
477,2125.587687174479015,15.494078087123169,43.172765731811523,1.612105779034179,261.197130839029967,6.316576081122298,5091.678400230000079,3.06690953827153E-03,4.87279180895326E-03
478,2149.758056640625000,0,40.104942321777344,0,264.890380859375000,0,916.887578536999968,3.07518639601767E-03,0
479,2119.446207682291515,34.635993085094583,39.264086405436203,2.015059319439225,261.845204671223996,1.578189664469014,4758.116064929999993,-2.22E-03,6.71233511865852E-03
480,2019.717889404297239,108.531059508437210,35.509941101074219,6.075816312738176,277.981538391113304,14.562857363990853,18239.003051399999094,-3.84E-03,5.77574722856855E-03
481,1952.527628580729242,26.276510247512693,44.056997934977218,18.868339228200217,109.763544718424484,4.241926666379385,2464.666793450000114,-8.33E-03,2.25074635654829E-03
482,3363.244079589843750,27.651475865741382,32.565267562866211,4.815707324742545,175.389414787292480,143.741353836333388,4681.270273510000152,-6.46E-03,7.08502708879341E-03
483,3461.969970703125000,7.823486328125000,36.290077209472656,2.569602966308594,225.250122070312500,0.492599487,1896.606917909999993,-0.004700405,1.11525866668671E-03
484,2038.445760091145758,24.713926144092383,44.955671946207680,2.033183254050170,240.115524291992188,1.416610206046164,2599.505609190000087,-1.01E-03,5.43061980442282E-03
485,2157.888916015625000,0,26.318912506103516,0,4.571007728576660,0,970.812253504999944,-8.86E-03,0
486,1959.011596679687500,0,5.559953689575195,0,221.918258666992188,0,456.146679069000015,3.62806976772845E-03,0
487,1965.816162109375000,0,26.533508300781250,0,252.368652343750000,0,1058.546906000000035,2.53085466101766E-03,0
488,1896.506553649902571,47.394432410957073,36.102108120918274,7.096233196403284,61.605995178222663,13.203390170554417,12935.610478099999455,-1.34E-03,7.26874852291017E-03
489,2801.714355468750000,5.842529296875000,31.314608573913574,2.909146308898926,310.641143798828125,6.006683349609375,1092.672550289999890,-6.02E-03,2.26513796951622E-03
490,2736.887695312500000,24.443920131809104,41.549703598022461,2.862631000854140,251.496484994888306,144.608115203600079,1906.118991649999998,-3.68E-03,4.1998078376894E-03
491,2767.850341796875000,0,38.848922729492188,0,1.072074413299561,0,2212.844193710000127,-4.61E-03,0
492,2593.666259765625000,0,43.439353942871094,0,286.010681152343750,0,1964.319977299999891,1.01172376889735E-03,0
493,2438.960937500000000,0,35.799541473388672,0,283.884277343750000,0,1131.714974870000106,-6.52E-03,0
494,1900.062622070312500,0,36.001182556152344,0,59.398422241210938,0,514.853685329999962,-3.81E-04,0
495,2154.647542317708485,12.562462599990162,34.590687433878578,2.906601611623000,347.045837402343750,3.143700208591162,3294.041662780000024,4.89173534636696E-03,2.13893663673978E-03
496,2175.542236328125000,0,17.380599975585938,0,358.686370849609375,0,262.456384715000013,1.18567505851388E-02,0
497,2194.867553710937500,5.935180664062500,29.523436546325684,4.856415748596191,319.233016967773438,4.990280151367188,1424.881941020000113,-9.07E-03,2.74307490326464E-03
498,1729.918579101562500,0,19.233137130737305,0,23.914691925048828,0,827.785548898000002,1.46272536367178E-02,0
499,4225.726155598958030,49.554238388410774,37.099554379781090,4.293986388770714,222.487701416015625,8.619592646236931,4721.481238860000303,1.78434769622982E-04,6.1355478321305E-03
500,4397.705566406250000,15.665480577264981,22.154140472412109,7.091181375919030,246.864387512207031,16.609943522907557,4514.045074720000230,6.97204198271114E-03,9.4344160823101E-03
501,3071.764404296875000,75.412327522745187,36.968838964189800,6.549077799922327,58.104159423283171,36.298506502429795,27573.695761899998615,-6.80E-03,8.53206316912269E-03
502,3764.479736328125000,0,35.068225860595703,0,101.130393981933594,0,1703.219336979999980,-2.39E-03,0
503,3307.338500976562500,37.106007472383496,47.942188262939453,1.861780377865663,110.312940597534180,3.544954069606370,3726.661980370000038,-4.03E-03,5.95848220383707E-03
504,2882.269666883680657,11.923236304857300,27.251965628729927,8.523655128248578,101.082293192545578,34.694129649626611,8708.112476800000877,-1.19E-02,1.77685041145905E-02
505,2547.257202148437500,152.502425022367106,52.274957656860352,4.879225301563785,145.185999870300293,9.065428869418460,6813.532831430000442,-4.20E-04,6.26306277323107E-03
506,2861.837934221539854,134.017747230906224,40.562067508697517,6.049730519129207,241.876358577183311,20.053562819518298,41892.637468399996578,-7.68E-05,9.40030623324342E-03
507,2910.014770507812500,2.114135742187500,34.664398193359375,0.217098236,286.840591430664062,14.323562622070312,2347.776273450000190,1.56377358362079E-02,5.4702814668417E-04
508,3462.241699218750000,66.003496228032873,32.977699279785156,11.183387716958052,188.454847335815430,51.969512925388948,4202.595627810000224,7.98356358427554E-03,1.36383159946692E-02
509,2849.695638020833485,13.424042722191524,38.530596415201821,1.111187505430740,236.088953653971345,1.064721165189827,5983.771798869999657,-1.62E-03,4.00483583442632E-03
510,3070.557250976562500,158.755202777700333,47.819168567657471,9.239529228175444,247.143154144287109,11.146306145509612,10863.813560000000507,4.71117741957035E-03,6.26343873278944E-03
511,3061.782226562500000,55.526577477988454,44.584381103515625,7.562720724066621,234.066889444986970,2.247165484132754,1960.906158230000074,-1.41E-04,5.09322480135804E-03
512,3076.873291015625000,0,41.601596832275391,0,236.275405883789062,0,1628.926873520000072,-5.57E-03,0
513,3223.485839843750000,0,47.135517120361328,0,234.754730224609375,0,313.210835302000021,-1.29E-03,0
514,3193.953320312500182,57.214384816747938,44.165882110595703,3.986140295228656,240.887826538085932,2.245687216987541,3270.241591080000035,3.68187443818897E-03,4.4483151101589E-03
515,3137.619873046875000,15.070203196365012,46.209170023600258,5.916449593060205,249.292063395182282,2.377971920221085,1592.764590539999972,4.50534449191764E-03,3.37240259661227E-03
516,3278.304809570312500,19.791137695312500,37.970607757568359,4.550262451171875,247.441940307617188,1.492919921875000,3026.625226539999858,1.35416409466416E-03,4.23449266236275E-03
517,3025.363301595052235,105.019370532358678,51.674088478088386,5.416358272604283,236.501009623209654,6.106961316316601,10037.336821299999428,1.2488022002799E-03,6.11745599567513E-03
518,2846.615497295672867,60.618989601707753,45.273167536808891,7.352941010578611,257.848229041466368,19.648280044553342,12331.997585600000093,-3.40E-03,5.52009114015418E-03
519,2399.217529296875455,52.350420700439649,55.909458705357139,2.831106461246212,149.549309866768994,5.514741389255321,4958.713067310000042,3.11293898682509E-03,8.55335964232683E-03
520,2490.351698133680657,52.138542639379132,48.768313090006508,4.496027568175762,165.037312825520814,5.837550391263557,7277.040363770000113,-1.64E-03,3.63581967368283E-03
521,2778.889688027871216,208.837343203249191,42.740994092580443,10.758067770610035,177.032236047693175,46.635383111176331,32380.279115699999238,-1.26E-03,9.17936861494615E-03
522,2731.740273437500036,197.575808277256669,46.217053565979000,9.703643756199194,162.869263305664077,14.218732220933667,21613.521170799998799,1.23180333990604E-03,1.47601114736837E-02
523,2693.603396267360949,140.896076866868754,42.186846076117604,7.614992228837677,161.698579957750127,64.634124974427692,39293.456004400002712,-3.49E-03,1.23652132612673E-02
524,3624.843587239583485,20.536934351017862,38.096045811971031,6.721055820016046,149.547531127929688,8.386901332678656,2122.015476319999834,1.01463250272597E-03,3.26777591765552E-03
