OID_,ID,area_m2,length_m,width_m
0,0,180.14,30,6
1,1,231.01,58,24
2,2,64.81,31,4
3,3,90.07,15,6
4,4,337.82,53,21
5,5,49.76,17,4
6,6,7819.85,183,72
7,7,1418.95,83,25
8,8,24.30,13,4
9,9,95.69,18,8
10,10,12.30,6,4
11,11,18.60,8,6
12,12,57.71,9,7
13,13,12.16,7,3
14,14,24.20,7,7
15,15,1401.48,54,38
16,16,18.60,8,6
17,17,1055.95,54,26
18,18,12.16,6,4
19,19,153.99,26,10
20,20,18.60,8,6
21,21,24.20,8,6
22,22,12.16,7,3
23,23,69.50,14,7
24,24,18.05,9,5
25,25,404.15,24,20
26,26,1134.36,66,36
27,27,9712.90,193,103
28,28,12.30,6,4
29,29,12.16,7,3
30,30,457.33,33,23
31,31,12.30,6,4
32,32,12.16,7,3
33,33,22.47,11,5
34,34,12.16,7,3
35,35,2133.12,79,39
36,36,1927.11,67,42
37,37,1848.87,55,41
38,38,4288.52,127,60
39,39,240.30,21,15
40,40,12.16,7,3
41,41,431.20,25,24
42,42,14743.82,164,121
43,43,1132.58,45,40
44,44,345.21,30,17
45,45,1217.55,60,30
46,46,3333.97,71,64
47,47,18.01,6,3
48,48,9094.76,158,109
49,49,12.30,7,4
50,50,57.76,13,9
51,51,38.09,15,12
52,52,110.62,27,7
53,53,12.30,6,4
54,54,54.04,9,6
55,55,2085.85,87,52
56,56,7919.10,183,76
57,57,108.08,12,9
58,58,468.68,41,21
59,59,630.70,41,21
60,60,18.60,8,6
61,61,18.60,8,6
62,62,12.16,7,3
63,63,24.20,8,6
64,64,26282.57,219,200
65,65,120.76,19,13
66,66,2891.91,98,60
67,67,12.16,7,3
68,68,135.77,19,12
69,69,414.50,59,21
70,70,1927.05,56,44
71,71,18.60,8,6
72,72,12.30,6,4
73,73,8096.88,158,128
74,74,38.09,15,12
75,75,566.88,39,21
76,76,18.05,10,4
77,77,1451.11,53,43
78,78,61.57,14,7
79,79,203.53,25,20
80,80,18.05,10,4
81,81,54.26,16,5
82,82,12.16,7,3
83,83,72.06,12,6
84,84,24.20,8,6
85,85,62495.60,537,354
86,86,1589.73,71,40
87,87,1544.45,79,33
88,88,2050.50,105,30
89,89,1306.66,57,32
90,90,1909.11,66,42
91,91,47.68,10,7
92,92,55.56,15,7
93,93,18.59,9,5
94,94,12.16,7,3
95,95,7131.62,102,97
96,96,31.71,13,10
97,97,18.05,10,4
98,98,10.47,7,3
99,99,12.30,6,4
100,100,18.05,10,4
101,101,11421.50,199,90
102,102,109.15,15,8
103,103,90.07,15,6
104,104,27.02,9,3
105,105,129.57,25,10
106,106,10.47,7,3
107,107,18.59,8,6
108,108,583.19,36,23
109,109,48.10,12,5
110,110,12.30,6,4
111,111,12.16,7,3
112,112,12.30,6,4
113,113,3097.65,142,45
114,114,40.96,8,6
115,115,7377.73,134,122
116,116,662.26,37,37
117,117,45.32,13,9
118,118,544.10,61,17
119,119,1256.26,89,35
120,120,12.57,5,5
121,121,12.30,6,4
122,122,12.30,6,4
123,123,64.81,16,9
124,124,2934.16,84,51
125,125,1348.33,48,42
126,126,1244.16,45,40
127,127,12.30,6,4
128,128,12.16,7,3
129,129,330.16,29,26
130,130,1964.57,84,41
131,131,777.81,40,30
132,132,600.62,29,28
133,133,25.10,10,8
134,134,495.40,55,15
135,135,12.30,6,4
136,136,868.39,44,29
137,137,12.30,6,4
138,138,471.46,34,23
139,139,505.50,30,23
140,140,12.57,5,5
141,141,12.30,7,4
142,142,143.03,24,16
143,143,204.43,20,15
144,144,433.85,45,23
145,145,18.59,8,6
146,146,54.04,9,6
147,147,16413.98,158,149
148,148,39.99,11,8
149,149,38.09,15,12
150,150,24.20,8,6
151,151,1783.51,60,40
152,152,12.16,6,4
153,153,1193.36,88,29
154,154,18.59,8,6
155,155,18.05,10,4
156,156,211.52,23,14
157,157,245.07,31,12
158,158,44.28,10,8
159,159,12.30,6,4
160,160,39.71,13,9
161,161,21.14,7,6
162,162,215.20,20,16
163,163,848.15,54,30
164,164,135.11,15,9
165,165,18.06,10,4
166,166,12.30,7,4
167,167,24.20,8,6
168,168,157.25,30,10
169,169,12.16,7,3
170,170,99.08,15,9
171,171,12877.31,180,164
172,172,29.03,8,7
173,173,364.04,28,25
174,174,76.88,15,9
175,175,672.52,40,33
176,176,18.05,10,4
177,177,31.70,13,10
178,178,18.59,8,6
179,179,18.59,9,5
180,180,116.80,24,14
181,181,12.16,7,3
182,182,6471.72,132,93
183,183,12.30,7,4
184,184,65.06,24,20
185,185,589.43,74,15
186,186,576.21,57,17
187,187,603.95,65,16
188,188,128.37,22,11
189,189,18.59,8,6
190,190,637.21,46,21
191,191,186.13,64,6
192,192,12.16,7,3
193,193,12.30,7,4
194,194,18.05,10,4
195,195,24.20,8,6
196,196,24.20,8,6
197,197,56.60,13,9
198,198,20.87,7,6
199,199,614.02,34,24
200,200,943.25,61,36
201,201,6312.83,119,74
202,202,54.04,9,6
203,203,18.59,8,6
204,204,54.04,9,6
205,205,459.91,65,12
206,206,409.47,57,15
207,207,18.05,10,4
208,208,12.16,7,3
209,209,18.59,8,6
210,210,2874.97,93,61
211,211,107.54,13,13
212,212,18.01,6,3
213,213,12.16,6,4
214,214,12.16,7,3
215,215,227.19,37,14
216,216,1747.03,90,34
217,217,4979.01,91,73
218,218,38813.33,238,237
219,219,18.05,10,4
220,220,54.04,9,6
221,221,90.18,16,9
222,222,24.20,8,6
223,223,12.16,7,3
224,224,103.95,15,13
225,225,4553.25,80,79
226,226,4524.62,124,54
227,227,18.05,10,4
228,228,44.88,7,7
229,229,19704.12,216,152
230,230,144.11,24,6
231,231,12.30,6,4
232,232,24.20,7,6
233,233,1050.59,55,25
234,234,31.90,9,7
235,235,12.30,6,4
236,236,66.38,16,6
237,237,13335.10,159,117
238,238,25.09,10,8
239,239,485.16,61,30
240,240,38.09,15,12
241,241,67.53,11,9
242,242,90.07,15,6
243,243,18.01,6,3
244,244,24.30,13,4
245,245,108.08,12,9
246,246,1406.50,69,44
247,247,18.05,10,4
248,248,11560.97,150,116
249,249,318.67,30,24
250,250,112.70,15,14
251,251,77.82,16,9
252,252,92.25,21,6
253,253,27.02,9,3
254,254,3445.42,95,87
255,255,12.56,6,4
256,256,108.43,12,12
257,257,18.05,10,4
258,258,141.54,15,12
259,259,134.55,15,13
260,260,210.87,19,15
261,261,12.16,7,3
262,262,12.30,6,4
263,263,474.49,63,15
264,264,157.28,22,12
265,265,93.07,23,7
266,266,12.30,6,4
267,267,12.30,6,4
268,268,178.84,19,13
269,269,12.16,7,3
270,270,18.01,6,3
271,271,60.35,16,8
272,272,72.06,12,6
273,273,12.16,7,3
274,274,125.37,28,7
275,275,452.28,62,19
276,276,2083.00,76,39
277,277,32.97,9,6
278,278,18.01,6,3
279,279,177.42,17,17
280,280,1169.30,65,26
281,281,32.97,9,6
282,282,24.20,7,7
283,283,465.05,31,27
284,284,515.07,56,19
285,285,2086.65,60,50
286,286,252.14,23,17
287,287,24.30,13,4
288,288,33.84,11,6
289,289,12.16,7,3
290,290,2863.62,67,64
291,291,886.43,44,38
292,292,3329.38,110,39
293,293,24.20,8,6
294,294,12.30,7,4
295,295,4060.09,125,58
296,296,14739.66,167,130
297,297,978.19,56,30
298,298,31.90,9,7
299,299,12.30,6,4
300,300,8499.32,110,108
301,301,12.30,6,4
302,302,1361.04,50,47
303,303,12.30,6,4
304,304,3826.05,133,51
305,305,699.44,53,27
306,306,14081.56,146,128
307,307,958.15,60,23
308,308,54.04,9,6
309,309,1285.93,77,44
310,310,12.30,6,4
311,311,3531.49,137,58
312,312,175.99,17,15
313,313,12.16,7,3
314,314,1042.30,47,38
315,315,12.16,7,3
316,316,150.71,24,10
317,317,12.16,7,3
318,318,73.60,12,7
319,319,52.39,16,8
320,320,105.73,18,12
321,321,2621.45,77,48
322,322,2286.38,99,45
323,323,11627.42,160,98
324,324,4843.32,151,54
325,325,54.04,9,6
326,326,18.01,6,3
327,327,92.20,17,8
328,328,116.40,20,9
329,329,54.04,9,6
330,330,81.06,9,9
331,331,186.28,25,15
332,332,1819.12,88,47
333,333,24.20,8,6
334,334,39.99,14,6
335,335,566.71,38,21
336,336,30.90,16,4
337,337,25.09,10,8
338,338,592.40,36,26
339,339,1540.43,91,31
340,340,448.48,63,14
341,341,144.83,16,14
342,342,2791.03,118,50
343,343,174.00,22,17
344,344,3346.28,98,57
345,345,18.05,10,4
346,346,177.54,26,12
347,347,1143.96,44,32
348,348,2666.97,82,49
349,349,90.07,15,6
350,350,306.66,61,12
351,351,467.25,31,18
352,352,25.09,10,8
353,353,6079.33,167,64
354,354,216.17,36,6
355,355,2096.94,64,49
356,356,40954.91,370,223
357,357,2119.59,116,35
358,358,12.30,6,4
359,359,12.16,6,4
360,360,12.16,7,3
361,361,24.20,8,6
362,362,2461.33,104,57
363,363,41590.01,395,230
364,364,21.34,7,6
365,365,1321.61,47,45
366,366,1111.49,68,32
367,367,4968.88,96,63
368,368,765.66,34,31
369,369,12.56,6,4
370,370,1574.14,46,45
371,371,12.16,6,4
372,372,90.18,16,9
373,373,18.59,8,6
374,374,5333.17,148,66
375,375,1505.47,78,35
376,376,3775.16,112,58
377,377,1173.21,41,37
378,378,1360.07,86,24
379,379,24.20,8,6
380,380,239.17,31,12
381,381,1032.59,36,33
382,382,65.22,16,7
383,383,54.04,9,6
384,384,720.64,34,28
385,385,25144.36,237,150
386,386,31.71,13,10
387,387,554.71,32,24
388,388,12.30,6,4
389,389,435.64,29,23
390,390,678.04,42,29
391,391,37061.33,316,162
392,392,15957.73,168,139
393,393,4572.51,84,72
394,394,63.16,10,9
395,395,103.94,15,10
396,396,126.87,15,13
397,397,18.05,10,4
398,398,12.16,7,3
399,399,12.30,7,4
400,400,12.30,6,4
401,401,54.04,9,6
402,402,29.03,8,7
403,403,21464.44,264,139
404,404,735.16,47,28
405,405,543.21,42,17
406,406,1136.08,66,24
407,407,5497.99,95,73
408,408,765.08,59,17
409,409,1611.77,56,42
410,410,129.48,21,10
411,411,665.72,50,20
412,412,30.90,16,4
413,413,466.75,64,11
414,414,18.05,10,4
415,415,1117.59,80,28
416,416,1299.97,69,35
417,417,12.30,6,4
418,418,66.61,12,8
419,419,25.09,10,8
420,420,18.59,8,6
421,421,569.17,42,20
422,422,197.33,29,19
423,423,1037.96,73,28
424,424,12.16,7,3
425,425,1561.47,76,36
426,426,12.30,6,4
427,427,20.87,8,5
428,428,18.59,9,5
429,429,301.52,27,19
430,430,373.89,25,20
431,431,2695.08,91,55
432,432,12.16,7,3
433,433,19.80,13,3
434,434,591.81,36,23
435,435,387.53,24,21
436,436,25.09,10,8
437,437,18.05,10,4
438,438,12.30,6,4
439,439,12.16,6,4
440,440,54.04,9,6
441,441,8146.59,119,107
442,442,90.07,15,6
443,443,2545.14,71,63
444,444,108.56,18,12
445,445,49.45,12,6
446,446,130.69,15,12
447,447,709.17,29,28
448,448,1420.89,57,43
449,449,18.59,8,6
450,450,18.59,8,6
451,451,12.16,7,3
452,452,24.20,8,6
453,453,27.02,9,3
454,454,12.16,7,3
455,455,535.86,55,14
456,456,54.04,9,6
457,457,1698.64,55,45
458,458,12.16,7,3
459,459,99.20,16,10
460,460,53.84,9,8
461,461,445.33,36,29
462,462,24.20,8,6
463,463,93.90,14,10
464,464,34.49,10,7
465,465,4915.61,123,54
466,466,79.64,15,9
467,467,24.20,7,6
468,468,1000.76,47,31
469,469,137.54,21,12
470,470,190.72,23,15
471,471,10949.71,139,107
472,472,308.02,21,18
473,473,24.20,8,6
474,474,950.43,46,28
475,475,1161.73,65,26
476,476,12.30,6,4
477,477,528.58,38,20
478,478,6700.06,127,82
479,479,750.49,38,25
480,480,91.73,32,29
481,481,1144.62,49,42
482,482,127.59,18,10
483,483,1920.64,60,48
484,484,24.30,13,4
485,485,54.04,9,6
486,486,18.05,10,4
487,487,2477.49,73,56
488,488,34635.46,225,210
489,489,12.16,7,3
490,490,12.16,7,3
491,491,24.30,13,4
492,492,1913.36,72,39
493,493,48.56,25,4
494,494,513.07,33,25
495,495,2983.31,117,47
496,496,2343.07,67,56
497,497,1932.51,71,45
498,498,2188.68,79,45
499,499,1939.36,74,43
500,500,1720.25,51,49
501,501,1255.86,48,30
502,502,9784.24,174,90
503,503,54.04,9,6
504,504,672.62,30,26
505,505,1529.46,73,29
506,506,2865.82,96,53
507,507,253.89,28,13
508,508,10.47,7,3
509,509,394.65,27,27
510,510,12.16,7,3
511,511,12.16,7,3
512,512,82.01,14,8
513,513,54.04,9,6
514,514,12.16,6,4
515,515,24.20,8,6
516,516,1944.04,55,48
517,517,245.76,31,15
518,518,54.04,9,6
519,519,609.62,43,24
520,520,10.47,7,3
521,521,25.09,10,8
522,522,18.01,6,3
523,523,240.62,37,12
524,524,12.16,6,4
525,525,12.30,7,4
526,526,12.16,7,3
527,527,4655.11,99,69
528,528,104.05,25,10
529,529,18.06,10,4
530,530,873.45,55,22
531,531,746.35,38,33
532,532,34.38,9,8
533,533,450.91,27,23
534,534,24.20,8,6
535,535,4508.26,175,59
536,536,18.59,8,6
537,537,1490.90,44,44
538,538,2895.58,129,49
539,539,12.16,7,3
540,540,162.13,15,12
541,541,287.40,31,14
542,542,12.16,7,3
543,543,12481.49,165,145
544,544,12.30,6,4
545,545,24.20,8,6
546,546,1286.93,44,38
547,547,1995.67,58,45
548,548,169.92,25,8
549,549,581.92,41,24
550,550,24.30,13,4
551,551,814.41,47,24
552,552,2049.18,54,52
553,553,38.56,9,7
554,554,416.66,31,15
555,555,80.80,13,10
556,556,243.56,25,20
557,557,79.19,22,5
558,558,156.43,14,14
559,559,24.30,13,4
560,560,3241.42,79,55
561,561,845.57,34,32
562,562,934.67,43,33
563,563,12.57,6,4
564,564,70.51,9,9
565,565,37.58,9,6
566,566,18.01,6,3
567,567,182.36,21,17
568,568,63.05,9,9
569,569,12.16,7,3
570,570,108.08,12,9
571,571,30.90,16,4
572,572,755.75,44,29
573,573,144.11,21,9
574,574,539.92,30,23
575,575,1731.96,53,52
576,576,491.56,28,28
577,577,707.37,31,29
578,578,449.58,33,26
579,579,2736.42,79,51
580,580,638.73,45,26
581,581,1174.37,44,40
582,582,3728.42,85,61
583,583,366.76,24,18
584,584,12.16,7,3
585,585,268.40,22,17
586,586,649.34,30,28
587,587,12.16,7,3
588,588,18172.28,164,153
589,589,642.33,29,27
590,590,18.59,8,6
591,591,27.02,9,3
592,592,78.90,13,9
593,593,354.25,33,17
594,594,520.37,29,27
595,595,313.14,30,16
596,596,804.07,31,29
597,597,51.45,19,16
598,598,1067.97,65,23
599,599,18.05,10,4
600,600,728.00,30,26
601,601,313.73,23,16
602,602,835.91,51,38
603,603,1331.92,54,31
604,604,601.90,38,24
605,605,826.57,49,23
606,606,54.04,9,6
607,607,59.27,13,11
608,608,1382.49,64,37
609,609,986.09,43,32
610,610,203.35,23,15
611,611,300.18,33,14
612,612,949.01,38,29
613,613,2195.10,59,54
614,614,2730.04,90,55
615,615,151.65,17,16
616,616,354.71,43,15
617,617,394.44,72,22
618,618,12.30,6,4
619,619,995.99,44,32
620,620,2196.79,105,40
621,621,1256.49,51,38
622,622,704.42,42,21
623,623,330.25,26,24
624,624,31.70,13,10
625,625,1610.26,52,48
626,626,12.16,7,3
627,627,94.72,15,10
628,628,18.59,8,6
629,629,92.24,29,7
630,630,12.30,6,4
631,631,596.57,43,19
632,632,50.83,13,8
633,633,18.06,9,4
634,634,835.67,42,37
635,635,36.03,12,3
636,636,35.65,16,11
637,637,71.45,26,22
638,638,3199.09,92,52
639,639,12.30,6,4
640,640,25.09,10,8
641,641,10.47,7,3
642,642,29.03,8,7
643,643,370.70,32,16
644,644,24.20,8,6
645,645,1947.62,92,43
646,646,404.05,26,25
647,647,12.16,6,4
648,648,3415.76,92,59
649,649,526.80,37,19
650,650,52.81,16,5
651,651,1114.30,57,24
652,652,12.16,7,3
653,653,619.49,30,28
654,654,90.07,15,6
655,655,728.22,37,28
656,656,406.35,34,21
657,657,1837.67,70,47
658,658,703.44,42,23
659,659,194.41,21,13
660,660,12.16,6,4
661,661,465.94,25,22
662,662,685.07,36,28
663,663,1266.50,52,42
664,664,12.30,7,4
665,665,745.37,37,29
666,666,666.22,46,23
667,667,712.34,42,26
668,668,12.16,7,3
669,669,36.03,12,3
670,670,12.30,6,4
671,671,400.92,33,23
672,672,358.93,24,23
673,673,116.00,13,12
674,674,12.30,6,4
675,675,782.86,50,19
676,676,632.28,34,28
677,677,54.04,9,6
678,678,373.31,33,17
679,679,12.30,6,4
680,680,114.00,13,13
681,681,364.52,26,23
682,682,796.33,41,37
683,683,1589.36,50,43
684,684,797.38,34,33
685,685,12.30,6,4
686,686,18.59,8,6
687,687,175.79,15,13
688,688,68.80,24,15
689,689,200.69,19,17
690,690,159.17,21,13
691,691,2230.87,66,60
692,692,1027.45,58,24
693,693,767.55,41,30
694,694,519.70,36,21
695,695,12.30,6,4
696,696,470.05,35,21
697,697,149.71,20,9
698,698,12.30,6,4
699,699,534.51,37,21
700,700,24.20,8,6
701,701,1311.61,58,40
702,702,929.38,46,41
703,703,15.06,10,3
704,704,15.06,10,3
705,705,12.57,5,5
706,706,12.30,7,4
707,707,121.25,48,12
708,708,872.90,39,30
709,709,18.59,8,6
710,710,571.57,32,21
711,711,12.57,6,4
712,712,12.16,6,4
713,713,12.16,7,3
714,714,480.87,31,26
715,715,265.16,28,15
716,716,772.39,58,32
717,717,12.30,6,4
718,718,1158.48,53,28
719,719,327.59,29,17
720,720,13490.57,333,72
721,721,960.76,49,33
722,722,18.05,9,5
723,723,1183.55,43,36
724,724,979.42,49,26
725,725,1082.93,55,30
726,726,85.49,19,15
727,727,1265.49,47,40
728,728,2591.91,79,75
729,729,1453.80,81,33
730,730,2100.27,62,39
731,731,5040.37,85,75
732,732,5300.12,92,79
733,733,12.16,7,3
734,734,760.63,38,26
735,735,986.99,67,25
736,736,1342.70,55,31
737,737,443.63,33,20
738,738,1935.54,56,47
739,739,2404.07,85,52
740,740,1893.48,91,39
741,741,643.04,45,20
742,742,12.30,6,4
743,743,210.16,24,12
744,744,4818.95,88,80
745,745,332.05,27,17
746,746,18.59,8,6
747,747,3885.40,71,69
748,748,18.59,10,4
749,749,814.78,62,24
750,750,406.54,37,16
751,751,2775.69,86,47
752,752,12.16,6,4
753,753,71.69,18,8
754,754,1932.36,87,37
755,755,12.30,6,4
756,756,78.27,19,5
757,757,565.33,30,28
758,758,331.61,35,19
759,759,230.87,27,17
760,760,685.21,32,28
761,761,860.96,55,21
762,762,3466.11,73,69
763,763,540.86,33,26
764,764,1005.85,43,34
765,765,1127.21,49,36
766,766,773.70,50,23
767,767,12.30,6,4
768,768,1859.51,61,44
769,769,701.70,39,29
770,770,896.52,51,27
771,771,3615.77,76,74
772,772,442.38,29,22
773,773,470.85,35,21
774,774,820.87,37,29
775,775,1225.21,81,25
776,776,4253.16,95,76
777,777,2344.98,79,55
778,778,1953.73,66,43
779,779,1111.37,58,27
780,780,657.11,35,26
781,781,746.12,49,23
782,782,2372.09,73,46
783,783,34415.52,310,204
784,784,519.20,42,22
785,785,2624.07,71,50
786,786,4035.03,160,42
787,787,5507.72,163,92
788,788,805.18,34,32
789,789,3349.95,132,56
790,790,3718.54,126,60
791,791,1100.91,39,38
792,792,1341.18,55,39
793,793,540.44,32,22
794,794,75.27,12,8
795,795,391.57,39,14
796,796,778.13,47,26
797,797,2327.02,71,56
798,798,2589.28,62,62
799,799,1259.49,49,38
800,800,1010.88,45,37
801,801,495.66,31,17
802,802,783.85,40,27
803,803,964.38,55,25
804,804,915.49,56,30
805,805,896.22,51,33
806,806,1705.27,85,34
807,807,1196.14,74,25
808,808,1383.22,70,38
809,809,1916.56,54,48
810,810,7615.88,157,132
811,811,706.99,45,24
812,812,854.21,34,32
813,813,940.02,59,22
814,814,1559.71,75,41
815,815,745.70,52,22
816,816,1335.23,59,44
817,817,12.30,7,4
818,818,2263.02,100,40
819,819,1381.21,53,37
820,820,1180.84,70,34
821,821,1002.99,56,31
822,822,339.36,31,17
823,823,18.59,8,6
824,824,968.29,53,27
825,825,839.18,38,26
826,826,1077.94,56,25
827,827,917.27,58,19
828,828,335.91,41,15
829,829,1431.33,66,41
830,830,2816.84,107,50
831,831,5846.14,95,82
832,832,1552.02,51,49
833,833,363.33,36,18
834,834,1129.81,48,40
835,835,1198.15,42,34
836,836,1226.95,70,28
837,837,6245.81,113,112
838,838,576.45,42,23
839,839,90.07,15,6
840,840,2838.20,66,56
841,841,2327.25,74,60
842,842,1670.97,55,46
843,843,2111.01,119,39
844,844,439.53,38,19
845,845,786.40,50,21
846,846,627.11,43,19
847,847,1047.99,48,24
848,848,858.11,43,32
849,849,1203.39,43,37
850,850,1729.52,62,36
851,851,2324.31,71,47
852,852,1162.18,50,30
853,853,1170.24,43,41
854,854,757.55,43,26
855,855,831.22,42,28
856,856,592.72,44,23
857,857,405.32,27,15
858,858,658.10,44,16
859,859,540.42,36,15
860,860,29.18,14,7
861,861,889.80,53,29
862,862,18.06,10,4
863,863,1106.29,59,29
864,864,563.49,44,20
865,865,200.54,16,15
866,866,568.45,31,21
867,867,1414.65,49,36
868,868,741.02,34,30
869,869,1485.99,54,37
870,870,12.30,6,4
871,871,765.97,46,29
872,872,846.93,45,22
873,873,2197.89,65,45
874,874,24.30,13,4
875,875,30.90,16,4
876,876,1261.08,73,28
877,877,669.60,33,31
878,878,4411.66,132,52
879,879,2796.33,119,42
880,880,39.72,13,9
881,881,1426.54,95,27
882,882,1304.23,45,41
883,883,189.89,23,12
884,884,1305.17,57,30
885,885,18.59,8,6
886,886,1701.65,85,39
887,887,276.00,22,20
888,888,2683.97,84,38
889,889,947.54,36,33
890,890,717.27,35,30
891,891,16044.39,191,113
892,892,12.30,6,4
893,893,2018.57,76,50
894,894,4490.39,114,56
895,895,31556.96,266,214
896,896,861.96,68,35
897,897,25.09,10,8
898,898,3314.14,96,58
899,899,1024.60,56,26
900,900,108.08,18,6
901,901,12.30,6,4
902,902,955.30,38,29
903,903,133.05,18,9
904,904,24.20,8,6
905,905,2747.54,117,38
906,906,603.81,52,15
907,907,1197.79,46,32
908,908,688.89,33,27
909,909,1402.08,52,36
910,910,699.86,31,28
911,911,12.16,7,3
912,912,496.31,38,19
913,913,469.49,32,21
914,914,561.19,35,24
915,915,578.19,30,26
916,916,105333.22,517,264
917,917,12.16,7,3
918,918,30.90,16,4
919,919,847.20,42,38
920,920,1905.58,74,46
921,921,2556.97,88,48
922,922,1205.15,70,37
923,923,1173.54,65,25
924,924,81.06,9,9
925,925,645.24,40,25
926,926,941.76,39,35
927,927,12.30,6,4
928,928,646.72,34,29
929,929,21172.84,206,131
930,930,2892.69,82,60
931,931,1628.93,63,39
932,932,1215.54,57,29
933,933,571.87,38,28
934,934,927.79,53,36
935,935,1676.02,93,36
936,936,711.59,57,17
937,937,2223.01,57,41
938,938,1279.98,62,32
939,939,24.20,7,7
940,940,10459.14,174,89
941,941,1021.94,58,26
942,942,776.11,44,32
943,943,1178.21,64,32
944,944,784.23,48,26
945,945,794.32,43,35
946,946,1907.57,56,52
947,947,697.03,44,32
948,948,1260.98,60,21
949,949,851.17,58,25
950,950,246.35,18,17
951,951,1614.41,69,32
952,952,1795.34,82,35
953,953,1256.15,60,39
954,954,748.79,45,28
955,955,689.21,36,28
956,956,603.05,29,28
957,957,4900.26,121,57
958,958,346.24,25,19
959,959,1386.32,73,33
960,960,708.05,42,30
961,961,1218.02,44,37
962,962,12.16,7,3
963,963,413.90,25,21
964,964,18493.17,262,113
965,965,412.34,36,22
966,966,521.36,34,28
967,967,1438.00,65,33
968,968,24.20,7,6
969,969,24.30,13,4
970,970,1399.61,43,39
971,971,839.43,52,24
972,972,340.01,30,23
973,973,90.07,15,6
974,974,230.63,43,8
975,975,24.20,8,6
976,976,453.55,38,18
977,977,5447.65,115,89
978,978,1228.01,69,26
979,979,10063.32,247,76
980,980,904.51,38,28
981,981,43.11,13,5
982,982,1452.50,79,31
983,983,2971.16,68,65
984,984,12.30,6,4
985,985,1032.88,42,32
986,986,63.95,14,10
987,987,54.04,9,6
988,988,1076.03,67,36
989,989,218.49,22,17
990,990,404.13,27,22
991,991,2508.18,84,45
992,992,1002.25,64,34
993,993,18.59,8,6
994,994,25.09,10,8
995,995,4064.89,157,48
996,996,897.89,59,24
997,997,578.65,33,28
998,998,54.04,9,6
999,999,27.02,9,3
1000,1000,12.30,6,4
1001,1001,1757.68,68,40
1002,1002,341.32,25,18
1003,1003,690.38,40,24
1004,1004,323.30,35,22
1005,1005,15.06,10,3
1006,1006,12.16,6,4
1007,1007,56.68,14,6
1008,1008,528.16,41,22
1009,1009,1919.87,66,45
1010,1010,12.16,7,3
1011,1011,1966.46,80,36
1012,1012,1961.71,79,36
1013,1013,2562.97,69,52
1014,1014,850.00,39,29
1015,1015,1464.45,53,38
1016,1016,2956.91,83,65
1017,1017,303.06,33,20
1018,1018,12.16,6,4
1019,1019,1005.59,43,36
1020,1020,102.36,19,9
1021,1021,1441.26,47,46
1022,1022,879.79,50,21
1023,1023,915.84,43,36
1024,1024,174.76,22,12
1025,1025,1696.01,58,48
1026,1026,1600.74,91,38
1027,1027,2477.34,68,52
1028,1028,488.52,34,22
1029,1029,426.44,28,20
1030,1030,74.45,12,10
1031,1031,592.22,46,18
1032,1032,1198.16,62,33
1033,1033,3329.80,109,46
1034,1034,924.10,47,31
1035,1035,176.39,16,15
1036,1036,4123.24,80,78
1037,1037,347.03,37,17
1038,1038,2863.88,81,62
1039,1039,2210.37,74,45
1040,1040,908.65,65,18
1041,1041,763.92,49,25
1042,1042,352.23,35,12
1043,1043,18926.69,180,149
1044,1044,1844.47,71,43
1045,1045,4301.90,98,63
1046,1046,1113.34,73,24
1047,1047,45295.39,285,201
1048,1048,465.72,30,29
1049,1049,824.35,41,35
1050,1050,6963.81,101,96
1051,1051,287.97,22,15
1052,1052,1574.26,52,40
1053,1053,1486.49,83,33
1054,1054,1741.78,52,45
1055,1055,4063.70,126,75
1056,1056,818.10,50,31
1057,1057,633.90,49,23
1058,1058,4105.24,100,79
1059,1059,49018.50,277,247
1060,1060,769.67,35,28
1061,1061,1231.63,74,22
1062,1062,24.21,8,6
1063,1063,439.60,26,25
1064,1064,2245.67,80,39
1065,1065,2471.05,104,35
1066,1066,775.51,53,21
1067,1067,1477.51,88,23
1068,1068,448.92,49,14
1069,1069,4606.74,155,69
1070,1070,380.92,31,22
1071,1071,7860.71,121,104
1072,1072,702.55,42,21
1073,1073,1362.53,63,47
1074,1074,984.02,39,31
1075,1075,1329.08,65,28
1076,1076,2322.05,71,59
1077,1077,561.71,38,25
1078,1078,4748.87,96,83
1079,1079,6590.30,154,76
1080,1080,1215.92,66,27
1081,1081,24.20,8,6
1082,1082,12.30,6,4
1083,1083,234.97,22,19
1084,1084,24.20,8,6
1085,1085,3411.70,98,59
1086,1086,475.87,31,29
1087,1087,759.74,31,28
1088,1088,579.36,46,21
1089,1089,1626.66,57,39
1090,1090,115.43,17,10
1091,1091,182.95,19,19
1092,1092,2390.26,66,48
1093,1093,1708.02,54,41
1094,1094,3138.90,142,35
1095,1095,691.20,47,21
1096,1096,18.06,10,4
1097,1097,2330.58,72,49
1098,1098,8654.07,137,91
1099,1099,1045.95,47,34
1100,1100,542.79,53,21
1101,1101,12.16,7,3
1102,1102,276.64,34,11
1103,1103,7539.43,124,91
1104,1104,12.16,7,3
1105,1105,1460.77,58,39
1106,1106,72.06,12,6
1107,1107,54.04,9,6
1108,1108,1631.88,53,48
1109,1109,937.96,36,35
1110,1110,4675.96,165,57
1111,1111,144.11,24,6
1112,1112,12.16,7,3
1113,1113,173.69,27,11
1114,1114,28086.31,230,188
1115,1115,156.86,27,12
1116,1116,12.16,6,4
1117,1117,1578.79,61,55
1118,1118,12.30,7,4
1119,1119,20.87,7,6
1120,1120,5128.56,133,67
1121,1121,347.11,34,18
1122,1122,446.54,46,28
1123,1123,795.77,31,29
1124,1124,999.86,64,22
1125,1125,2226.51,87,43
1126,1126,1150.74,58,29
1127,1127,591.73,40,28
1128,1128,470.08,42,18
1129,1129,893.76,34,33
1130,1130,904.97,53,33
1131,1131,12.16,6,4
1132,1132,12.30,6,4
1133,1133,532.21,33,24
1134,1134,506.15,47,18
1135,1135,255.49,19,16
1136,1136,25.09,10,8
1137,1137,14452.68,252,115
1138,1138,1213.50,63,29
1139,1139,12.16,7,3
1140,1140,1088.70,52,31
1141,1141,24.30,13,4
1142,1142,1009.70,44,30
1143,1143,1224.38,73,27
1144,1144,24.20,8,6
1145,1145,2404.84,92,41
1146,1146,908.58,55,29
1147,1147,480.36,39,17
1148,1148,5766.18,104,72
1149,1149,617.04,30,27
1150,1150,1714.29,67,47
1151,1151,958.59,45,33
1152,1152,915.66,56,23
1153,1153,1552.15,92,32
1154,1154,1050.15,39,32
1155,1155,2521.66,76,45
1156,1156,1764.14,54,51
1157,1157,770.68,45,25
1158,1158,864.63,69,20
1159,1159,331.59,35,18
1160,1160,1478.87,52,37
1161,1161,961.23,39,33
1162,1162,1694.72,79,44
1163,1163,2059.59,90,48
1164,1164,3202.65,101,58
1165,1165,729.04,50,23
1166,1166,1589.28,51,36
1167,1167,796.44,39,33
1168,1168,3488.08,108,43
1169,1169,1850.18,61,41
1170,1170,706.74,52,20
1171,1171,808.99,37,24
1172,1172,883.36,53,23
1173,1173,340.62,24,20
1174,1174,827.20,54,23
1175,1175,1065.08,59,23
1176,1176,699.26,68,20
1177,1177,464.03,40,17
1178,1178,1387.00,88,22
1179,1179,3119.53,91,53
1180,1180,390.20,39,17
1181,1181,1107.99,38,36
1182,1182,350.35,28,27
1183,1183,2622.74,131,39
1184,1184,1077.16,43,28
1185,1185,1108.03,52,30
1186,1186,1624.42,83,37
1187,1187,790.24,38,28
1188,1188,625.79,45,22
1189,1189,2362.49,109,37
1190,1190,288.23,24,15
1191,1191,616.83,51,20
1192,1192,615.28,38,27
1193,1193,90.07,15,6
1194,1194,1700.75,87,46
1195,1195,1425.68,53,35
1196,1196,31.70,16,4
1197,1197,797.56,45,28
1198,1198,2620.14,65,51
1199,1199,299.20,26,22
1200,1200,531.37,42,25
1201,1201,1626.19,64,36
1202,1202,500.84,39,15
1203,1203,1195.29,46,31
1204,1204,747.88,44,25
1205,1205,505.12,43,27
1206,1206,7691.64,148,129
1207,1207,507.44,32,26
1208,1208,3098.42,91,51
1209,1209,1045.31,56,25
1210,1210,1056.54,50,35
1211,1211,1276.41,61,27
1212,1212,18.59,10,4
1213,1213,1175.38,67,35
1214,1214,856.37,52,27
1215,1215,584.79,44,20
1216,1216,295.76,30,15
1217,1217,1388.39,57,36
1218,1218,7059.59,173,79
1219,1219,1890.31,86,35
1220,1220,921.57,52,25
1221,1221,969.27,35,35
1222,1222,324.25,18,18
1223,1223,307.64,29,18
1224,1224,24.21,8,6
1225,1225,859.75,36,29
1226,1226,68.97,16,9
1227,1227,162.96,19,11
1228,1228,12.16,7,3
1229,1229,12.30,6,4
1230,1230,173.84,26,16
1231,1231,18.06,10,4
1232,1232,1654.41,49,46
1233,1233,1541.78,100,22
1234,1234,12514.67,160,96
1235,1235,3780.50,118,53
1236,1236,661.37,38,30
1237,1237,1693.07,65,40
1238,1238,12.16,7,3
1239,1239,18.59,8,6
1240,1240,12.16,7,3
1241,1241,838.73,45,27
1242,1242,1016.92,42,33
1243,1243,980.41,46,30
1244,1244,2465.65,117,32
1245,1245,1432.18,48,38
1246,1246,807.22,46,30
1247,1247,56.51,12,11
1248,1248,551.89,55,24
1249,1249,1926.50,53,45
1250,1250,280.97,21,17
1251,1251,357.36,41,16
1252,1252,2523.81,82,46
1253,1253,1495.55,50,37
1254,1254,774.32,45,26
1255,1255,2370.60,69,52
1256,1256,472.33,25,25
1257,1257,1917.12,80,31
1258,1258,12.16,7,3
1259,1259,119.04,17,10
1260,1260,1063.18,46,36
1261,1261,110.33,24,11
1262,1262,2272.83,85,40
1263,1263,1024.20,72,26
1264,1264,3692.89,133,66
1265,1265,18.06,10,4
1266,1266,385.16,30,25
1267,1267,1322.34,79,33
1268,1268,459.74,37,16
1269,1269,1223.96,47,37
1270,1270,1193.60,50,33
1271,1271,1860.05,77,35
1272,1272,790.68,42,37
1273,1273,1965.59,103,34
1274,1274,461.04,38,13
1275,1275,1875.84,96,34
1276,1276,922.11,42,32
1277,1277,527.05,33,23
1278,1278,7797.24,198,115
1279,1279,1416.68,66,31
1280,1280,820.44,51,25
1281,1281,1434.15,66,32
1282,1282,45.04,15,3
1283,1283,1599.58,61,56
1284,1284,4074.51,102,69
1285,1285,1130.80,43,37
1286,1286,538.93,44,22
1287,1287,925.74,42,35
1288,1288,1082.94,62,31
1289,1289,387.30,44,13
1290,1290,1271.04,50,37
1291,1291,680.98,57,35
1292,1292,10197.90,171,96
1293,1293,2445.75,87,37
1294,1294,398.17,27,18
1295,1295,1800.03,50,44
1296,1296,895.32,56,26
1297,1297,2818.55,72,63
1298,1298,1087.40,39,36
1299,1299,1046.73,67,23
1300,1300,489.30,35,23
1301,1301,1153.21,43,40
1302,1302,1024.47,47,28
1303,1303,203.67,25,12
1304,1304,1673.65,114,22
1305,1305,1964.15,58,52
1306,1306,12.30,6,4
1307,1307,2865.80,73,68
1308,1308,3082.32,89,49
1309,1309,744.08,35,29
1310,1310,12.16,7,3
1311,1311,21730.88,219,161
1312,1312,1139.47,39,38
1313,1313,75.58,16,8
1314,1314,1875.99,66,38
1315,1315,2896.12,82,50
1316,1316,819.19,44,32
1317,1317,681.14,28,27
1318,1318,1371.93,53,41
1319,1319,4036.33,137,49
1320,1320,1515.87,62,28
1321,1321,104.59,13,11
1322,1322,2895.04,90,44
1323,1323,1543.05,80,32
1324,1324,1585.66,72,32
1325,1325,1054.81,44,35
1326,1326,358.11,30,14
1327,1327,1241.60,47,34
1328,1328,12.30,6,4
1329,1329,1468.40,60,46
1330,1330,24.20,8,6
1331,1331,1533.78,76,34
1332,1332,171.80,26,14
1333,1333,106.75,16,14
1334,1334,1367.41,46,35
1335,1335,6625.68,132,72
1336,1336,7013.52,124,110
1337,1337,577.51,30,25
1338,1338,1145.73,54,35
1339,1339,713.06,68,26
1340,1340,2245.23,108,37
1341,1341,5077.83,182,45
1342,1342,873.65,52,27
1343,1343,24.30,13,4
1344,1344,792.04,41,31
1345,1345,1571.26,61,39
1346,1346,60007.17,482,286
1347,1347,336.98,37,14
1348,1348,30404.61,245,204
1349,1349,191.30,21,11
1350,1350,1221.04,52,36
1351,1351,835.40,59,25
1352,1352,3500.07,87,61
1353,1353,869.46,63,24
1354,1354,3844.84,85,60
1355,1355,1089.29,60,30
1356,1356,76808.59,534,209
1357,1357,18.59,10,4
1358,1358,904.89,40,33
1359,1359,2043.87,79,56
1360,1360,18.06,10,4
1361,1361,2414.59,103,43
1362,1362,15829.64,286,102
1363,1363,2858.23,74,55
1364,1364,1616.25,75,26
1365,1365,6195.32,179,86
1366,1366,1051.73,44,36
1367,1367,666.29,54,25
1368,1368,685.20,36,28
1369,1369,1150.48,67,27
1370,1370,1988.67,60,48
1371,1371,18.59,8,6
1372,1372,1028.23,69,23
1373,1373,12.16,7,3
1374,1374,461.29,30,27
1375,1375,354.09,35,18
1376,1376,2303.79,71,45
1377,1377,12.16,7,3
1378,1378,12.16,7,3
1379,1379,3999.10,110,45
1380,1380,2916.94,110,48
1381,1381,468.36,39,18
1382,1382,947.16,72,28
1383,1383,890.64,38,34
1384,1384,1787.15,114,27
1385,1385,723.65,51,24
1386,1386,12.30,6,4
1387,1387,2478.23,104,48
1388,1388,6411.64,174,59
1389,1389,604.67,44,22
1390,1390,912.23,53,29
1391,1391,476.74,44,16
1392,1392,2842.63,67,60
1393,1393,1183.44,47,39
1394,1394,2932.70,101,37
1395,1395,834.78,64,23
1396,1396,1698.43,69,39
1397,1397,12.16,6,4
1398,1398,12.16,7,3
1399,1399,639.46,47,26
1400,1400,827.36,52,27
1401,1401,1489.52,57,42
1402,1402,469.31,37,23
1403,1403,939.12,67,22
1404,1404,54.04,9,6
1405,1405,16357.66,199,166
1406,1406,8306.66,113,110
1407,1407,1365.11,67,40
1408,1408,274.71,39,15
1409,1409,316.70,26,17
1410,1410,2914.13,106,46
1411,1411,5151.01,105,73
1412,1412,568.65,49,16
1413,1413,2434.11,97,39
1414,1414,1990.85,75,44
1415,1415,931.79,50,24
1416,1416,973.44,49,27
1417,1417,712.66,49,20
1418,1418,420.81,32,30
1419,1419,1052.00,41,36
1420,1420,1597.53,73,38
1421,1421,1997.24,105,46
1422,1422,1225.18,54,39
1423,1423,54.04,9,6
1424,1424,5926.19,151,84
1425,1425,4747.30,125,66
1426,1426,1321.05,65,25
1427,1427,1390.23,53,33
1428,1428,2422.69,143,41
1429,1429,1724.96,78,28
1430,1430,972.72,41,29
1431,1431,4899.43,99,71
1432,1432,52.42,11,10
1433,1433,476.79,40,20
1434,1434,6600.26,104,81
1435,1435,6515.12,115,87
1436,1436,52.73,10,7
1437,1437,191.18,16,15
1438,1438,2086.66,89,59
1439,1439,630.12,30,27
1440,1440,2585.48,80,62
1441,1441,7008.25,137,84
1442,1442,2641.64,82,48
1443,1443,1689.00,106,31
1444,1444,822.25,70,28
1445,1445,54.89,16,7
1446,1446,671.13,43,23
1447,1447,1037.05,61,26
1448,1448,1634.30,52,38
1449,1449,1060.23,76,36
1450,1450,2221.74,70,58
1451,1451,954.59,64,20
1452,1452,1065.11,61,40
1453,1453,7567.94,135,87
1454,1454,12.16,7,3
1455,1455,12.30,7,4
1456,1456,63.37,13,8
1457,1457,2308.01,65,56
1458,1458,12.16,7,3
1459,1459,1700.83,71,35
1460,1460,1197.99,69,27
1461,1461,729.91,55,22
1462,1462,18.59,8,6
1463,1463,780.48,38,29
1464,1464,1488.21,55,39
1465,1465,882.08,43,34
1466,1466,712.34,36,25
1467,1467,1297.49,58,32
1468,1468,449.92,28,24
1469,1469,733.99,38,36
1470,1470,2101.23,74,55
1471,1471,928.52,63,32
1472,1472,19862.47,203,167
1473,1473,6464.72,144,67
1474,1474,1456.94,45,41
1475,1475,1031.59,43,31
1476,1476,1847.73,53,50
1477,1477,634.77,35,25
1478,1478,1611.62,91,33
1479,1479,2931.21,95,46
1480,1480,1683.64,55,54
1481,1481,5501.76,94,93
1482,1482,500.07,32,28
1483,1483,107435.22,474,305
1484,1484,2310.42,82,38
1485,1485,26510.52,248,143
1486,1486,715.37,39,27
1487,1487,18.59,8,6
1488,1488,342.62,32,17
1489,1489,2244.81,61,52
1490,1490,859.18,55,26
1491,1491,81913.23,397,287
1492,1492,33.90,8,7
1493,1493,6640.69,163,70
1494,1494,648.31,44,22
1495,1495,940.64,48,31
1496,1496,72.06,12,6
1497,1497,15697.45,183,118
1498,1498,772.97,40,35
1499,1499,1803.82,51,49
1500,1500,27.02,9,3
1501,1501,54.04,9,6
1502,1502,928.88,48,25
1503,1503,3848.78,77,68
1504,1504,1370.05,59,46
1505,1505,2163.17,86,45
1506,1506,2860.91,72,63
1507,1507,49518.42,469,252
1508,1508,456.21,39,17
1509,1509,2613.02,73,48
1510,1510,4894.51,128,67
1511,1511,3837.84,103,78
1512,1512,1979.12,54,48
1513,1513,441.34,21,21
1514,1514,2301.93,63,52
1515,1515,5191.69,105,64
1516,1516,7982.84,115,93
1517,1517,666.06,44,17
1518,1518,1937.62,72,45
1519,1519,759.32,56,17
1520,1520,18.59,8,6
1521,1521,2239.44,62,49
1522,1522,752.36,45,28
1523,1523,2167.78,72,46
1524,1524,685.82,41,27
1525,1525,8248.40,129,92
1526,1526,1008.82,40,34
1527,1527,29.18,14,7
1528,1528,43.74,13,6
1529,1529,12.16,7,3
1530,1530,1534.40,66,47
1531,1531,1474.70,58,38
1532,1532,12.30,6,4
1533,1533,66.85,9,8
1534,1534,407.22,29,24
1535,1535,626.01,48,22
1536,1536,625.85,29,25
1537,1537,1393.03,50,42
1538,1538,12.30,7,4
1539,1539,860.72,60,29
1540,1540,24.30,13,4
1541,1541,12.16,7,3
1542,1542,1232.59,62,22
1543,1543,62.13,15,7
1544,1544,139.92,31,10
1545,1545,53.99,20,9
1546,1546,12.30,6,4
1547,1547,18.06,10,4
1548,1548,59.78,40,3
1549,1549,257.01,25,13
1550,1550,56.16,12,6
1551,1551,12.16,7,3
1552,1552,771.44,35,30
1553,1553,18.59,8,6
1554,1554,2509.04,83,46
1555,1555,1420.41,45,39
1556,1556,1533.27,68,36
1557,1557,515.40,32,24
1558,1558,1208.48,64,32
1559,1559,263.55,31,16
1560,1560,1363.92,45,45
1561,1561,76.76,11,11
1562,1562,231.78,23,12
1563,1563,447.41,36,21
1564,1564,54.04,9,6
1565,1565,1235.87,49,32
1566,1566,12.16,6,4
1567,1567,1632.75,53,48
1568,1568,6477.04,155,76
1569,1569,1155.46,49,42
1570,1570,14232.21,241,97
1571,1571,654.32,40,31
1572,1572,24871.00,260,158
1573,1573,2081.53,64,47
1574,1574,1090.28,42,34
1575,1575,12.16,7,3
1576,1576,12.30,7,4
1577,1577,12.16,7,3
1578,1578,4490.64,128,53
1579,1579,3330.41,130,55
1580,1580,12.16,7,3
1581,1581,1060.15,46,34
1582,1582,3107.26,106,48
1583,1583,5711.21,122,76
1584,1584,24.20,8,6
1585,1585,81.06,9,9
1586,1586,12.30,6,4
1587,1587,24.20,8,6
1588,1588,7372.78,134,77
1589,1589,9787.96,144,96
1590,1590,1604.11,47,42
1591,1591,795.70,34,30
1592,1592,1019.60,64,27
1593,1593,54.04,9,6
1594,1594,1975.90,64,37
1595,1595,67.76,17,6
1596,1596,24.21,8,6
1597,1597,1287.31,44,41
1598,1598,515.42,40,22
1599,1599,1065.64,43,36
1600,1600,927.21,68,25
1601,1601,108.08,18,6
1602,1602,696.05,43,20
1603,1603,12342.76,163,103
1604,1604,919.96,54,24
1605,1605,345.76,42,11
1606,1606,9451.99,189,99
1607,1607,79.43,31,12
1608,1608,1173.09,49,32
1609,1609,1528.96,66,34
1610,1610,260.25,44,14
1611,1611,72.06,12,6
1612,1612,31.70,13,10
1613,1613,1166.13,49,28
1614,1614,3648.07,105,47
1615,1615,16395.00,263,112
1616,1616,53.68,13,6
1617,1617,24.20,8,6
1618,1618,24.21,8,6
1619,1619,999.02,35,33
1620,1620,24.30,13,4
1621,1621,12.16,7,3
1622,1622,36.03,12,3
1623,1623,12.30,7,4
1624,1624,160.64,20,13
1625,1625,12.30,6,4
1626,1626,238.61,27,20
1627,1627,119.45,17,10
1628,1628,1768.22,73,38
1629,1629,4698.47,121,70
1630,1630,2121.37,67,38
1631,1631,1311.72,58,35
1632,1632,12343.47,153,113
1633,1633,982.84,35,34
1634,1634,883.72,42,24
1635,1635,1105.26,48,33
1636,1636,12.30,7,4
1637,1637,1900.64,63,49
1638,1638,8743.41,148,93
1639,1639,1996.55,77,37
1640,1640,187.34,23,12
1641,1641,3020.33,81,76
1642,1642,2976.07,97,49
1643,1643,953.35,49,27
1644,1644,12.30,6,4
1645,1645,2593.94,83,44
1646,1646,1235.76,43,36
1647,1647,3487.15,97,56
1648,1648,1570.85,52,45
1649,1649,18.06,10,4
1650,1650,1068.79,42,31
1651,1651,1223.09,45,42
1652,1652,1280.65,50,39
1653,1653,5410.67,149,63
1654,1654,1000.10,57,20
1655,1655,788.70,61,26
1656,1656,5376.14,195,38
1657,1657,12.16,7,3
1658,1658,3171.95,90,48
1659,1659,12.16,7,3
1660,1660,4417.13,96,74
1661,1661,224.55,19,16
1662,1662,1478.61,55,42
1663,1663,12.30,7,4
1664,1664,770.40,58,26
1665,1665,12631.69,375,74
1666,1666,18.06,10,4
1667,1667,1009.97,43,39
1668,1668,12.16,7,3
1669,1669,2373.24,88,43
1670,1670,103.10,20,10
1671,1671,12.16,7,3
1672,1672,72.06,12,6
1673,1673,146827.34,532,388
1674,1674,18.59,8,6
1675,1675,53.48,13,12
1676,1676,551.81,43,23
1677,1677,42262.83,280,214
1678,1678,1355.26,84,32
1679,1679,1258.38,42,41
1680,1680,24.30,13,4
1681,1681,2708.46,72,51
1682,1682,5041.52,132,56
1683,1683,5309.48,113,73
1684,1684,48.57,15,7
1685,1685,72.06,12,6
1686,1686,26154.34,194,182
1687,1687,1122.01,40,39
1688,1688,24.21,8,6
1689,1689,1680.41,62,40
1690,1690,2963.42,88,52
1691,1691,54.04,9,6
1692,1692,12.16,7,3
1693,1693,12.16,7,3
1694,1694,871.05,54,27
1695,1695,43537.25,436,234
1696,1696,90.07,15,6
1697,1697,794.51,63,22
1698,1698,1170.19,72,26
1699,1699,12.30,6,4
1700,1700,12.16,7,3
1701,1701,55.39,11,9
1702,1702,1578.51,69,32
1703,1703,1112.76,56,30
1704,1704,12.30,6,4
1705,1705,52.73,10,7
1706,1706,1052.88,40,34
1707,1707,1480.32,54,35
1708,1708,655.68,34,32
1709,1709,1583.15,68,35
1710,1710,2359.17,108,51
1711,1711,1736.74,66,33
1712,1712,5995.23,147,65
1713,1713,17629.08,174,125
1714,1714,722.34,38,28
1715,1715,534.74,54,18
1716,1716,22934.96,270,154
1717,1717,1234.62,77,32
1718,1718,1998.17,73,52
1719,1719,773.36,32,29
1720,1720,3746.93,106,53
1721,1721,4609.39,112,73
1722,1722,16352.34,195,119
1723,1723,12.30,6,4
1724,1724,494.81,43,19
1725,1725,7469.03,123,96
1726,1726,5030.09,124,66
1727,1727,2477.06,94,53
1728,1728,25.09,10,8
1729,1729,9468.13,168,97
1730,1730,3105.94,69,63
1731,1731,12.30,6,4
1732,1732,54.04,9,6
1733,1733,759.62,63,30
1734,1734,2538.39,71,50
1735,1735,33985.37,236,199
1736,1736,20027.01,207,127
1737,1737,12.30,6,4
1738,1738,47094.16,333,220
1739,1739,319.07,29,14
1740,1740,81.06,9,9
1741,1741,25.09,10,8
1742,1742,6096.32,148,71
1743,1743,681.48,49,26
1744,1744,950.84,40,34
1745,1745,18.06,10,4
1746,1746,1794.23,57,48
1747,1747,25.09,10,8
1748,1748,1209.62,52,31
1749,1749,3832.57,106,54
1750,1750,1431.41,58,31
1751,1751,2231.11,71,46
1752,1752,1823.53,78,37
1753,1753,1516.91,85,26
1754,1754,18.01,6,3
1755,1755,18.01,6,3
1756,1756,12.16,7,3
1757,1757,114.12,23,9
1758,1758,999.53,57,30
1759,1759,69.36,19,11
1760,1760,144.11,24,6
1761,1761,44.82,17,14
1762,1762,10021.92,172,87
1763,1763,1393.73,69,31
1764,1764,13550.16,165,141
1765,1765,24.21,8,6
1766,1766,2480.40,73,47
1767,1767,550.58,46,22
1768,1768,1540.81,51,39
1769,1769,1071.10,40,35
1770,1770,2726.83,68,52
1771,1771,2752.98,80,55
1772,1772,70.60,18,7
1773,1773,90.07,15,6
1774,1774,143.06,34,15
1775,1775,25.09,10,8
1776,1776,12.30,7,4
1777,1777,30.90,16,4
1778,1778,56758.72,303,246
1779,1779,27935.35,265,175
1780,1780,13507.85,156,114
1781,1781,90.07,15,6
1782,1782,33.84,11,6
1783,1783,40024.14,266,239
1784,1784,1644.09,56,41
1785,1785,1308.49,59,35
1786,1786,10162.17,170,103
1787,1787,43.12,13,5
1788,1788,1041.18,57,31
1789,1789,24.21,8,6
1790,1790,1471.46,70,27
1791,1791,3091.96,86,62
1792,1792,1283.55,61,30
1793,1793,8819.98,129,122
1794,1794,12.30,6,4
1795,1795,1432.45,48,45
1796,1796,1220.02,50,35
1797,1797,955.34,43,27
1798,1798,1712.25,76,41
1799,1799,751.13,48,21
1800,1800,881.62,51,23
1801,1801,1053.33,48,28
1802,1802,941.24,63,35
1803,1803,13175.89,161,122
1804,1804,48.79,13,5
1805,1805,24.21,8,6
1806,1806,1895.77,55,47
1807,1807,12.16,7,3
1808,1808,14505.92,241,109
1809,1809,2903.68,63,60
1810,1810,899.00,39,34
1811,1811,2168.55,102,29
1812,1812,6442.98,173,80
1813,1813,12.16,7,3
1814,1814,39.65,9,6
1815,1815,72.62,11,9
1816,1816,18.01,6,3
1817,1817,18.01,6,3
1818,1818,43.00,11,7
1819,1819,36.03,6,6
1820,1820,46.40,12,7
1821,1821,87.29,13,11
1822,1822,18.06,9,5
1823,1823,9185.36,182,86
1824,1824,12.16,7,3
1825,1825,41.20,9,7
1826,1826,54.04,9,6
1827,1827,18.59,10,4
1828,1828,12.16,6,4
1829,1829,15.06,10,3
1830,1830,89.79,17,10
1831,1831,2244.55,86,44
1832,1832,6363.96,111,106
1833,1833,955.87,35,32
1834,1834,76.25,12,12
1835,1835,1486.47,53,35
1836,1836,12.16,7,3
1837,1837,12.30,6,4
1838,1838,31.59,13,5
1839,1839,18.01,6,3
1840,1840,43646.82,392,162
1841,1841,6176.44,109,104
1842,1842,12.16,6,4
1843,1843,36.03,6,6
1844,1844,99.90,22,6
1845,1845,2135.61,109,39
1846,1846,24.20,8,6
1847,1847,29209.73,258,165
1848,1848,2276.49,79,42
1849,1849,18.01,6,3
1850,1850,64.02,17,6
1851,1851,34.38,9,8
1852,1852,2489.92,60,55
1853,1853,1053.49,53,46
1854,1854,264.86,21,21
1855,1855,16358.53,163,123
1856,1856,12441.85,142,123
1857,1857,1239.10,39,38
1858,1858,12.16,6,4
1859,1859,1780.20,49,47
1860,1860,1260.80,67,32
1861,1861,1268.77,78,22
1862,1862,847.53,70,23
1863,1863,1462.22,62,35
1864,1864,12.16,7,3
1865,1865,12.16,7,3
1866,1866,2894.81,89,47
1867,1867,1569.56,69,31
1868,1868,12985.46,196,103
1869,1869,90.07,15,6
1870,1870,720.92,30,30
1871,1871,382.61,32,18
1872,1872,663.01,43,26
1873,1873,1425.96,68,33
1874,1874,163.08,19,12
1875,1875,43.77,12,7
1876,1876,54.04,9,6
1877,1877,607.18,56,29
1878,1878,655.20,51,25
1879,1879,1112.00,81,24
1880,1880,55.63,10,10
1881,1881,12.30,6,4
1882,1882,24.20,8,6
1883,1883,144.11,24,6
1884,1884,12.30,6,4
1885,1885,79.06,12,10
1886,1886,1222.22,56,31
1887,1887,944.34,71,30
1888,1888,89.83,18,14
1889,1889,51.83,10,10
1890,1890,74297.27,543,269
1891,1891,3933.70,105,54
1892,1892,6865.71,137,73
1893,1893,25.09,10,8
1894,1894,796.16,61,23
1895,1895,967.89,89,19
1896,1896,1764.47,57,47
1897,1897,953.60,63,21
1898,1898,1149.75,51,34
1899,1899,25.09,10,8
1900,1900,255.22,20,18
1901,1901,224.63,25,18
1902,1902,27.15,12,5
1903,1903,45.66,13,9
1904,1904,301.35,47,15
1905,1905,24.30,13,4
1906,1906,24.30,11,7
1907,1907,30.90,16,4
1908,1908,24.30,13,4
1909,1909,18.59,8,6
1910,1910,19.74,8,5
1911,1911,12.30,6,4
1912,1912,24.21,8,6
1913,1913,144.11,24,6
1914,1914,113.70,18,9
1915,1915,24.21,7,6
1916,1916,24.21,7,7
1917,1917,54.04,9,6
1918,1918,12.16,6,4
1919,1919,12.30,6,4
1920,1920,12.16,7,3
1921,1921,30.90,16,4
1922,1922,25.09,13,4
1923,1923,456.95,49,15
1924,1924,24.30,11,7
1925,1925,170.98,25,15
1926,1926,207.16,31,15
1927,1927,32.02,10,6
1928,1928,12.30,6,4
1929,1929,12.30,6,4
1930,1930,12.30,6,4
1931,1931,313.67,43,11
1932,1932,24.21,8,6
1933,1933,24.30,13,4
1934,1934,617.79,84,16
1935,1935,54.04,9,6
1936,1936,50.02,13,6
1937,1937,18.06,10,4
1938,1938,126.10,12,12
1939,1939,747.56,48,35
1940,1940,18.59,8,6
1941,1941,12.16,7,3
1942,1942,975.44,40,36
1943,1943,24.30,13,4
1944,1944,77.37,12,10
1945,1945,38.00,10,9
1946,1946,152.48,24,14
1947,1947,58.63,9,9
1948,1948,52.73,10,7
1949,1949,12.30,6,4
1950,1950,6538.74,133,65
1951,1951,72.06,12,6
1952,1952,72.06,12,6
1953,1953,12.30,7,4
1954,1954,12.16,7,3
1955,1955,33.11,10,6
1956,1956,18.01,6,3
1957,1957,10.47,7,3
1958,1958,939.37,58,36
1959,1959,12.30,6,4
1960,1960,241.73,38,14
1961,1961,90.07,15,6
1962,1962,12.30,6,4
1963,1963,12.16,7,3
1964,1964,45.04,15,3
1965,1965,24.30,13,4
1966,1966,54.04,9,6
1967,1967,18.01,6,3
1968,1968,60.53,9,9
1969,1969,18.06,9,5
1970,1970,12.16,7,3
1971,1971,42.63,22,4
1972,1972,72.06,12,6
1973,1973,91.26,22,7
1974,1974,285.46,26,19
1975,1975,12.16,7,3
1976,1976,12.30,6,4
1977,1977,54.04,9,6
1978,1978,12.16,6,4
1979,1979,12.16,7,3
1980,1980,12.30,6,4
1981,1981,705.65,42,31
1982,1982,12.30,6,4
1983,1983,72.06,12,6
1984,1984,54.04,9,6
1985,1985,12.30,6,4
1986,1986,1592.41,64,45
1987,1987,7088.78,199,62
1988,1988,24.21,8,6
1989,1989,39.72,13,9
1990,1990,12.30,7,4
1991,1991,1553.82,66,34
1992,1992,1642.66,73,30
1993,1993,7756.93,110,93
1994,1994,7025.83,144,65
1995,1995,12.30,6,4
1996,1996,1665.23,48,44
1997,1997,24.20,7,7
1998,1998,12.30,7,4
1999,1999,3969.71,133,41
2000,2000,1539.20,60,37
2001,2001,12.16,7,3
2002,2002,566.95,49,20
2003,2003,4633.43,104,59
2004,2004,5656.31,95,85
2005,2005,24.20,8,6
2006,2006,2090.30,106,28
2007,2007,18.06,10,4
2008,2008,104.65,19,10
2009,2009,1474.10,89,24
2010,2011,243.02,43,11
2011,2012,1506.29,60,51
2012,2013,48.10,12,5
2013,2014,18.59,8,6
2014,2015,72.06,12,6
2015,2016,48.11,11,9
2016,2017,12.16,7,3
2017,2018,12.30,6,4
2018,2019,66.85,9,9
2019,2020,54.04,9,6
2020,2021,18.06,10,4
2021,2022,40.42,13,6
2022,2023,434.55,33,25
2023,2024,12.30,6,4
2024,2025,54.04,9,6
2025,2026,93.01,22,5
2026,2027,24.30,13,4
2027,2028,81.91,12,9
2028,2029,148.70,20,9
2029,2030,1202.62,57,39
2030,2031,12.16,6,4
2031,2032,1038.75,57,26
2032,2033,1121.35,53,51
2033,2034,12.16,7,3
2034,2035,12.30,6,4
2035,2036,402.77,50,27
2036,2037,25.09,10,8
2037,2038,1330.89,61,57
2038,2039,12.16,7,3
2039,2040,76.42,40,4
2040,2041,4126.79,123,58
2041,2042,63.64,14,9
2042,2043,24.30,13,4
2043,2044,24.30,13,4
2044,2045,12.16,6,4
2045,2046,12.30,6,4
2046,2047,24.20,7,6
2047,2048,12.16,7,3
2048,2049,4408.56,140,56
2049,2050,110632.72,476,338
2050,2051,576.35,35,33
2051,2052,6785.26,128,128
2052,2053,1244.06,61,32
2053,2054,88.83,17,12
2054,2055,224.58,31,13
2055,2056,12.16,7,3
2056,2057,12.16,7,3
2057,2058,32.02,10,6
2058,2059,24.21,8,6
2059,2060,81.06,9,9
2060,2061,60.28,15,7
2061,2062,90.07,15,6
2062,2063,190.43,28,12
2063,2064,1798.73,69,55
2064,2065,12.30,6,4
2065,2066,18.06,10,4
2066,2067,12.16,6,4
2067,2068,12.16,7,3
2068,2069,12.30,6,4
2069,2070,12.30,7,4
2070,2071,25.09,10,8
2071,2072,12.16,7,3
2072,2073,18.06,10,4
2073,2074,12.30,6,4
2074,2075,20.87,8,5
2075,2076,340.33,42,19
2076,2077,267.81,39,12
2077,2078,209.98,20,16
2078,2079,3394.29,90,71
2079,2080,27.20,10,4
2080,2081,1723.89,69,36
2081,2082,25.10,10,8
2082,2083,352.98,27,22
2083,2084,93.00,16,8
2084,2085,164304.50,1283,348
2085,2086,12.30,6,4
2086,2087,18.05,10,4
2087,2088,12.16,6,4
2088,2089,61.93,13,8
2089,2090,2346.20,66,56
2090,2091,81.06,9,9
2091,2092,12.16,6,4
2092,2093,1283.79,65,52
2093,2094,957.72,48,29
2094,2095,1297.71,60,41
2095,2096,942.49,44,36
2096,2097,5140.41,129,55
2097,2098,43.92,10,9
2098,2099,4248.39,109,60
2099,2100,664.62,68,13
2100,2101,1424.35,50,43
2101,2102,12.30,6,4
2102,2103,853.64,41,34
2103,2104,3618.13,149,40
2104,2105,12.56,5,5
2105,2106,60.16,10,8
2106,2107,3571.63,185,54
2107,2108,112.51,15,11
2108,2109,782.22,62,20
2109,2110,57.90,15,6
2110,2111,34.50,10,7
2111,2112,12.16,7,3
2112,2113,82.88,11,9
2113,2114,24.20,8,6
2114,2115,1716.05,91,49
2115,2116,807.14,33,33
2116,2117,12.30,6,4
2117,2118,671.10,47,25
2118,2119,18.05,10,4
2119,2120,1881.67,78,51
2120,2121,1337.45,42,42
2121,2122,3371.10,160,44
2122,2123,12.16,7,3
2123,2124,1923.55,73,51
2124,2125,81.90,14,9
2125,2126,18.05,10,4
2126,2127,58.37,12,6
2127,2128,150.91,28,14
2128,2129,156.12,23,9
2129,2130,4956.80,131,58
2130,2131,111.64,21,10
2131,2132,54.04,9,6
2132,2133,12.30,6,4
2133,2134,1732.11,50,48
2134,2135,1064.57,45,36
2135,2136,11655.99,128,118
2136,2137,12.30,6,4
2137,2138,47.80,12,8
2138,2139,12.30,6,4
2139,2140,2702.17,62,58
2140,2141,754.81,35,34
2141,2142,30228.64,280,153
2142,2143,2568.59,87,36
2143,2144,956.57,38,37
2144,2145,30.90,16,4
2145,2146,24.20,8,6
2146,2147,12.30,6,4
2147,2148,376.44,25,24
2148,2149,2257.66,87,38
2149,2150,18.05,10,4
2150,2151,12.16,7,3
2151,2152,135.11,15,9
2152,2153,54.04,9,6
2153,2154,18.05,10,4
2154,2155,1076.20,46,40
2155,2156,1159.86,46,40
2156,2157,7327.85,146,80
2157,2158,820.41,37,27
2158,2159,699.51,37,27
2159,2160,12500.45,211,90
2160,2161,933.92,39,39
2161,2162,12.30,6,4
2162,2163,21055.61,203,143
2163,2164,18.05,10,4
2164,2165,1638.63,46,46
2165,2166,720.56,36,27
2166,2167,24.29,13,4
2167,2168,24.20,7,7
2168,2169,25.09,10,8
2169,2170,475.39,61,19
2170,2171,639.79,43,29
2171,2172,12.16,6,4
2172,2173,1042.87,41,35
2173,2174,714.03,33,32
2174,2175,12.16,7,3
2175,2176,24.20,8,6
2176,2177,89788.42,492,310
2177,2178,509.00,39,23
2178,2179,505.05,36,22
2179,2180,2764.22,96,39
2180,2181,211.75,17,16
2181,2182,282.40,41,10
2182,2183,9160.57,117,98
2183,2184,735.51,44,26
2184,2185,69.32,13,7
2185,2186,51.82,11,10
2186,2187,10182.87,153,99
2187,2188,1841.51,72,32
2188,2189,3233.32,85,56
2189,2190,252.20,42,6
2190,2191,1129.07,48,37
2191,2192,18.59,8,6
2192,2193,186.18,19,18
2193,2194,136.83,17,12
2194,2195,35481.78,459,162
2195,2196,1738.70,60,42
2196,2197,1603.56,54,39
2197,2198,24.20,8,6
2198,2199,1290.10,47,36
2199,2200,2365.70,82,41
2200,2201,309.43,36,14
2201,2202,102.62,15,10
2202,2203,25.09,10,8
2203,2204,90.07,15,6
2204,2205,54.04,9,6
2205,2206,12.16,7,3
2206,2207,12.30,6,4
2207,2208,18.01,6,3
2208,2209,1461.15,56,43
2209,2210,18.01,6,3
2210,2211,43.00,9,7
2211,2212,86.69,16,12
2212,2213,10.47,7,3
2213,2214,42.67,12,8
2214,2215,179.50,28,14
2215,2216,12.30,7,4
2216,2217,774.82,37,23
2217,2218,752.24,60,20
2218,2219,723.04,32,30
2219,2220,959.85,41,32
2220,2221,771.03,59,21
2221,2222,2272.85,114,37
2222,2223,902.04,46,35
2223,2224,1246.43,58,27
2224,2225,54.04,9,6
2225,2226,484.66,40,25
2226,2227,47.80,10,9
2227,2228,817.11,39,24
2228,2229,7360.66,156,79
2229,2230,8995.45,133,123
2230,2231,601.80,40,21
2231,2232,1121.60,56,31
2232,2233,2923.79,69,57
2233,2234,12.16,7,3
2234,2235,949.64,57,27
2235,2236,1250.74,82,22
2236,2237,24.20,8,6
2237,2238,1953.18,73,40
2238,2239,12.16,7,3
2239,2240,2232.30,65,52
2240,2241,1285.11,83,26
2241,2242,478.22,43,17
2242,2243,1573.13,81,30
2243,2244,677.27,49,29
2244,2245,25.70,10,5
2245,2246,6987.46,108,91
2246,2247,20.35,6,5
2247,2248,67.93,15,7
2248,2249,18.05,10,4
2249,2250,93.38,17,10
2250,2251,154.71,28,12
2251,2252,23.69,6,5
2252,2253,1783.64,55,46
2253,2254,27.02,9,3
2254,2255,12.30,6,4
2255,2256,72.06,12,9
2256,2257,34.38,9,8
2257,2258,32.52,10,5
2258,2259,12.16,7,3
2259,2260,1170.97,43,40
2260,2261,12.30,6,4
2261,2262,27.20,10,4
2262,2263,33.84,11,6
2263,2264,90.07,12,9
2264,2265,2300.82,69,62
2265,2266,24.29,13,4
2266,2267,38.08,15,12
2267,2268,24.20,8,6
2268,2269,54.04,9,6
2269,2270,12.16,7,3
2270,2271,1584.86,66,44
2271,2272,6131.11,109,87
2272,2273,4733.50,87,75
2273,2274,2085.10,65,40
2274,2275,16779.83,306,142
2275,2276,1226.35,72,32
2276,2277,6779.01,113,89
2277,2278,2217.47,96,31
2278,2279,548.50,31,21
2279,2280,31.89,9,7
2280,2281,2597.36,63,63
2281,2282,2720.00,69,58
2282,2283,1920.51,63,46
2283,2284,12.30,6,4
2284,2285,339.79,39,15
2285,2286,678.81,42,23
2286,2287,12.30,6,4
2287,2288,2681.02,92,46
2288,2289,196.92,19,14
2289,2290,12.30,6,4
2290,2291,12.16,7,3
2291,2292,1817.99,115,27
2292,2293,2195.72,140,24
2293,2294,138.27,20,16
2294,2295,174.06,25,14
2295,2296,550.72,44,15
2296,2297,3038.49,107,46
2297,2298,1249.23,42,39
2298,2299,1660.49,144,24
2299,2300,24.20,8,6
2300,2301,909.49,58,26
2301,2302,971.56,41,41
2302,2303,838.93,38,29
2303,2304,270.21,18,15
2304,2305,31.71,13,10
2305,2306,930.07,61,27
2306,2307,285.46,23,18
2307,2308,565.94,62,10
2308,2309,3724.98,82,66
2309,2310,733.66,38,28
2310,2311,60.53,10,9
2311,2312,1873.01,67,37
2312,2313,37.99,10,9
2313,2314,1527.82,50,46
2314,2315,1401.45,88,24
2315,2316,792.14,37,28
2316,2317,54.04,9,6
2317,2318,411.75,38,17
2318,2319,309.82,32,13
2319,2320,1025.65,53,26
2320,2321,797.41,53,22
2321,2322,2466.94,60,54
2322,2323,377.05,44,17
2323,2324,18.59,8,6
2324,2325,662.25,59,17
2325,2326,3440.10,187,34
2326,2327,36.03,6,6
2327,2328,892.32,51,27
2328,2329,12.57,5,5
2329,2330,351.58,25,18
2330,2331,82.22,18,10
2331,2332,18.59,8,6
2332,2333,4405.76,112,57
2333,2334,775.50,42,34
2334,2335,669.00,32,30
2335,2336,1667.09,57,45
2336,2337,8193.03,119,89
2337,2338,1002.11,70,35
2338,2339,905.26,36,31
2339,2340,2707.67,97,41
2340,2341,592.14,49,23
2341,2342,1184.59,56,34
2342,2343,1413.24,51,38
2343,2344,18.01,6,3
2344,2345,75.02,18,9
2345,2346,248.16,41,16
2346,2347,4023.61,99,68
2347,2348,2084.15,73,48
2348,2349,541.40,33,25
2349,2350,336.47,21,19
2350,2351,8714.39,113,104
2351,2352,2130.38,88,34
2352,2353,970.79,56,27
2353,2354,24.20,8,6
2354,2355,1561.44,53,43
2355,2356,917.22,52,29
2356,2357,23611.50,291,187
2357,2358,1579.92,69,36
2358,2359,12.16,7,3
2359,2360,1425.53,81,31
2360,2361,106.15,26,11
2361,2362,524.08,27,22
2362,2363,129.48,25,8
2363,2364,618.91,64,14
2364,2365,829.01,52,24
2365,2366,1460.30,44,43
2366,2367,830.39,45,24
2367,2368,9610.64,150,89
2368,2369,29415.09,214,169
2369,2370,1238.19,49,30
2370,2371,1260.82,65,32
2371,2372,963.91,39,33
2372,2373,1404.89,69,34
2373,2374,935.55,43,32
2374,2375,696.46,48,19
2375,2376,1821.40,71,38
2376,2377,486.31,48,15
2377,2378,301.09,29,15
2378,2379,12.16,7,3
2379,2380,3682.81,76,62
2380,2381,568.29,41,22
2381,2382,41.40,12,4
2382,2383,7371.37,128,83
2383,2384,54.04,9,6
2384,2385,40.93,9,8
2385,2386,289.00,41,15
2386,2387,18.05,9,5
2387,2388,24415.53,227,145
2388,2389,201.43,19,16
2389,2390,4009.67,107,54
2390,2391,768.88,62,23
2391,2392,355.18,60,20
2392,2393,55052.44,410,236
2393,2394,580.41,63,22
2394,2395,417.09,41,17
2395,2396,12.30,6,4
2396,2397,27161.90,226,171
2397,2398,303.30,52,12
2398,2399,1534.56,46,44
2399,2400,1047.40,68,22
2400,2401,12.16,7,3
2401,2402,1321.13,51,35
2402,2403,174.79,26,9
2403,2404,119.46,19,13
2404,2405,897.04,42,40
2405,2406,875.25,68,20
2406,2407,6041.34,142,83
2407,2408,2189.64,76,38
2408,2409,12.30,7,4
2409,2410,12.16,6,4
2410,2411,1984.92,51,49
2411,2412,1173.02,42,35
2412,2413,759.17,55,20
2413,2414,238.61,37,12
2414,2415,24867.23,235,159
2415,2416,9925.82,195,96
2416,2417,35992.59,258,190
2417,2418,17682.18,210,128
2418,2419,266.69,31,16
2419,2420,754.04,44,32
2420,2421,46415.70,302,231
2421,2422,1880.49,59,52
2422,2423,9294.52,159,91
2423,2424,1809.46,76,37
2424,2425,528.78,39,22
2425,2426,1283.33,83,23
2426,2427,1637.89,49,47
2427,2428,172.91,29,10
2428,2429,224.07,19,16
2429,2430,2961.34,69,54
2430,2431,12.30,6,4
2431,2432,7094.34,106,100
2432,2433,36.03,6,6
2433,2434,54.04,9,6
2434,2435,1207.65,49,34
2435,2436,5580.16,167,49
2436,2437,28016.35,366,135
2437,2438,1389.20,88,31
2438,2439,4964.90,85,80
2439,2440,524.25,30,26
2440,2441,553.86,37,22
2441,2442,118.83,28,5
2442,2443,37931.03,429,169
2443,2444,3838.49,75,62
2444,2445,520.34,45,24
2445,2446,943.75,42,30
2446,2447,12.16,7,3
2447,2448,54.04,9,6
2448,2449,493.64,43,19
2449,2450,33386.51,233,225
2450,2451,1220.93,53,32
2451,2452,1004.65,36,35
2452,2453,1488.78,46,44
2453,2454,612.93,38,27
2454,2455,19864.60,331,141
2455,2456,14975.82,195,135
2456,2457,269.02,26,17
2457,2458,674.57,37,27
2458,2459,416.51,27,24
2459,2460,753.19,47,25
2460,2461,96.18,16,9
2461,2462,1085.90,39,38
2462,2463,570.20,30,24
2463,2464,830.33,54,28
2464,2465,12.16,6,4
2465,2466,584.43,43,22
2466,2467,336.47,21,19
2467,2468,2006.62,56,51
2468,2469,833.33,31,31
2469,2470,478.52,30,17
2470,2471,2272.32,143,53
2471,2472,6776.31,119,82
2472,2473,1334.49,51,35
2473,2474,17450.41,165,156
2474,2475,1152.01,50,34
2475,2476,1081.55,66,26
2476,2477,874.48,53,25
2477,2478,72.06,12,6
2478,2479,36.03,12,3
2479,2480,917.61,60,30
2480,2481,18.59,8,6
2481,2482,1122.45,49,34
2482,2483,693.67,46,21
2483,2484,25.09,10,8
2484,2485,12.30,6,4
2485,2486,698.25,47,18
2486,2487,1594.40,82,31
2487,2488,12.16,6,4
2488,2489,98.64,17,7
2489,2490,2694.43,67,51
2490,2491,7870.62,121,89
2491,2492,24.20,8,6
2492,2493,12.16,7,3
2493,2494,152.15,22,14
2494,2495,27.81,10,7
2495,2496,8213.11,145,99
2496,2497,1015.06,55,27
2497,2498,730.53,47,26
2498,2499,198.83,25,14
2499,2500,54.04,9,6
2500,2501,21.13,7,6
2501,2502,12.16,7,3
2502,2503,12.30,6,4
2503,2504,45.03,15,3
2504,2505,12.30,6,4
2505,2506,25.10,10,8
2506,2507,2652.94,75,50
2507,2508,54.04,9,6
2508,2509,54.04,9,6
2509,2510,95.33,13,10
2510,2511,12.16,7,3
2511,2512,24.20,8,6
2512,2513,659.78,50,35
2513,2514,123.18,12,12
2514,2515,135.81,20,18
2515,2516,35964.34,296,193
2516,2517,5550.18,138,82
2517,2518,1243.29,80,27
2518,2519,12.30,6,4
2519,2520,4521.07,137,65
2520,2521,1698.17,63,41
2521,2522,1224.63,47,43
2522,2523,12.16,7,3
2523,2524,1660.00,53,44
2524,2525,18.05,10,4
2525,2526,12.16,6,4
2526,2527,1975.21,78,39
2527,2528,1307.74,65,26
2528,2529,834.44,41,31
2529,2530,7225.33,113,106
2530,2531,4427.47,145,74
2531,2532,25.10,13,4
2532,2533,2126.75,66,41
2533,2534,2516.52,91,44
2534,2535,3611.56,121,45
2535,2536,5682.13,210,57
2536,2537,53196.94,308,248
2537,2538,2013.67,70,38
2538,2539,5332.93,283,74
2539,2540,3983.85,106,52
2540,2541,32.02,10,6
2541,2542,362.63,26,20
2542,2543,1995.12,75,41
2543,2544,11549.21,151,104
2544,2545,1339.30,79,32
2545,2546,12.30,6,4
2546,2547,1507.23,67,37
2547,2548,2167.01,85,49
2548,2549,1661.53,80,34
2549,2550,124.13,34,11
2550,2551,87.14,14,11
2551,2552,2558.84,92,43
2552,2553,1034.09,67,24
2553,2554,5497.96,96,79
2554,2555,2196.98,55,52
2555,2556,2266.95,65,43
2556,2557,1361.36,43,40
2557,2558,1953.05,61,46
2558,2559,12.16,7,3
2559,2560,699.72,33,31
2560,2561,570.34,48,13
2561,2562,127.00,20,11
2562,2563,1879.27,52,49
2563,2564,788.98,61,28
2564,2565,33.84,11,6
2565,2566,1686.53,56,37
2566,2567,234.36,24,12
2567,2568,1439.69,50,38
2568,2569,1316.44,87,28
2569,2570,876.33,61,17
2570,2571,4109.35,89,70
2571,2572,3643.04,94,57
2572,2573,564.29,43,22
2573,2574,1481.48,57,41
2574,2575,94.14,19,11
2575,2576,18.05,9,5
2576,2577,8030.55,149,88
2577,2578,12.30,6,4
2578,2579,5754.87,125,111
2579,2580,570.40,33,20
2580,2581,964.47,70,18
2581,2582,1622.07,52,44
2582,2583,952.26,58,21
2583,2584,996.99,61,27
2584,2585,24.29,13,4
2585,2586,12.30,6,4
2586,2587,18.60,10,4
2587,2588,915.14,53,26
2588,2589,7034.57,148,100
2589,2590,9313.13,146,120
2590,2591,12.16,7,3
2591,2592,1808.86,72,49
2592,2593,583.03,49,15
2593,2594,12.16,6,4
2594,2595,545.00,37,22
2595,2596,523.09,51,25
2596,2597,500.13,38,26
2597,2598,3377.11,109,44
2598,2599,7769.34,99,98
2599,2600,1398.86,83,26
2600,2601,12.16,7,3
2601,2603,1105.09,71,27
2602,2604,21718.39,286,135
2603,2605,4543.59,86,73
2604,2606,1078.07,43,34
2605,2607,2241.98,59,51
2606,2608,2905.76,86,50
2607,2609,24.20,7,6
2608,2610,2831.20,115,37
2609,2611,68248.62,466,202
2610,2612,2914.20,62,55
2611,2613,7993.64,114,87
2612,2614,1990.28,86,35
2613,2615,1067.43,60,27
2614,2616,12.30,6,4
2615,2617,318.81,30,16
2616,2618,847.92,64,19
2617,2619,574.75,45,15
2618,2620,3193.98,67,65
2619,2621,875.67,48,29
2620,2622,30881.78,413,154
2621,2623,4945.78,99,70
2622,2624,32.02,10,6
2623,2625,47906.24,298,219
2624,2626,4508.78,143,51
2625,2627,35209.81,269,190
2626,2628,197.18,23,13
2627,2629,1985.68,67,38
2628,2630,585.29,44,21
2629,2631,18.05,9,4
2630,2632,7573.80,138,93
2631,2633,12.30,7,4
2632,2634,135.10,15,9
2633,2635,13387.27,173,116
2634,2636,18.59,8,6
2635,2637,898.71,52,28
2636,2638,3313.42,84,74
2637,2639,999.90,39,34
2638,2640,818.53,63,20
2639,2641,51.44,19,16
2640,2642,1595.76,90,29
2641,2643,154871.02,569,446
2642,2644,555.18,28,25
2643,2645,4932.11,113,76
2644,2646,768.90,67,28
2645,2647,729.92,36,29
2646,2648,2490.79,100,40
2647,2649,12.16,7,3
2648,2650,1077.39,65,27
2649,2651,1711.46,48,46
2650,2652,2435.08,148,49
2651,2653,24.20,8,6
2652,2654,3510.97,102,60
2653,2655,1305.34,75,31
2654,2656,2553.30,92,45
2655,2657,1738.18,53,47
2656,2658,2591.45,70,66
2657,2659,12.16,6,4
2658,2660,656.09,38,22
2659,2661,2106.07,84,33
2660,2662,1932.69,68,37
2661,2663,537.60,33,20
2662,2664,1985.44,97,34
2663,2665,7558.65,146,70
2664,2666,12.30,6,4
2665,2667,54.04,9,6
2666,2668,21887.91,169,155
2667,2669,530.64,39,16
2668,2670,1857.17,52,50
2669,2671,461.86,29,28
2670,2672,6485.39,133,76
2671,2673,1707.66,55,42
2672,2674,610.96,50,13
2673,2675,12.30,6,4
2674,2676,12.30,7,4
2675,2677,855.78,49,27
2676,2678,245.43,46,9
2677,2679,34318.05,384,204
2678,2680,57.88,11,9
2679,2681,1769.55,85,34
2680,2682,1837.79,56,47
2681,2683,24.20,8,6
2682,2684,12761.25,146,129
2683,2685,1521.95,96,21
2684,2686,53132.84,378,197
2685,2687,19335.96,217,116
2686,2688,816.07,40,25
2687,2689,36.03,6,6
2688,2690,18.01,6,3
2689,2691,1524.77,63,49
2690,2692,31320.73,281,162
2691,2693,28756.69,325,170
2692,2694,1403.90,49,38
2693,2695,562.34,34,22
2694,2696,1182.24,47,36
2695,2697,4396.13,146,50
2696,2698,957.06,42,35
2697,2699,8764.20,187,69
2698,2700,1896.55,60,43
2699,2701,542.68,54,18
2700,2702,7555.62,144,79
2701,2703,43726.44,292,264
2702,2704,4908.85,138,63
2703,2705,268.72,28,15
2704,2706,1463.27,82,28
2705,2707,1271.04,53,31
2706,2708,24.20,8,6
2707,2709,7014.51,199,62
2708,2710,2010.06,60,49
2709,2711,12.30,7,4
2710,2712,1951.36,71,51
2711,2713,2101.76,75,40
2712,2714,1108.17,64,29
2713,2715,1469.07,54,41
2714,2716,5051.26,87,69
2715,2717,4521.92,97,62
2716,2718,923.08,39,34
2717,2719,3956.65,184,46
2718,2721,1593.95,73,30
2719,2722,1169.92,73,27
2720,2723,12.30,6,4
2721,2724,24.20,7,7
2722,2725,45923.99,449,202
2723,2726,848.66,89,15
2724,2727,12.16,7,3
2725,2728,72.06,24,3
2726,2729,1776.82,61,45
2727,2730,1750.52,101,40
2728,2731,1592.52,64,43
2729,2732,3432.53,152,34
2730,2733,990.83,50,42
2731,2734,2182.57,85,39
2732,2735,367.06,34,18
2733,2736,9519.93,205,79
2734,2737,37076.15,276,232
2735,2738,454.98,62,9
2736,2739,834.30,49,25
2737,2740,2605.29,63,56
2738,2741,1566.12,88,26
2739,2742,12.16,7,3
2740,2743,27.20,10,4
2741,2744,18.05,10,4
2742,2745,149.92,23,12
2743,2746,1095.71,60,29
2744,2747,1046.93,53,24
2745,2748,589.34,33,27
2746,2749,826.16,85,29
2747,2750,24.20,8,6
2748,2751,5326.04,128,67
2749,2752,2026.97,58,46
2750,2753,702.21,40,26
2751,2754,1366.05,44,42
2752,2755,1118.61,39,39
2753,2756,68840.38,454,375
2754,2757,742.00,42,27
2755,2758,1408.56,57,38
2756,2759,8852.07,263,88
2757,2760,721.35,35,32
2758,2761,1782.02,57,40
2759,2762,1681.59,62,36
2760,2763,637.70,62,18
2761,2764,619.23,46,20
2762,2765,5128.54,136,54
2763,2766,646.28,39,24
2764,2767,1778.99,121,32
2765,2768,1135.42,43,43
2766,2769,1714.97,80,32
2767,2770,6957.77,168,69
2768,2771,2086.60,113,43
2769,2772,307.01,28,23
2770,2773,6218.55,109,74
2771,2774,2888.81,77,73
2772,2775,2930.93,66,59
2773,2776,1252.84,41,40
2774,2777,1892.84,52,47
2775,2778,8970.92,156,116
2776,2779,772.14,71,21
2777,2780,1077.53,46,35
2778,2781,1072.04,43,37
2779,2782,710.12,51,23
2780,2783,3934.19,83,76
2781,2784,506.04,28,24
2782,2785,8735.10,138,107
2783,2786,1304.53,53,35
2784,2787,1147.27,49,33
2785,2788,6514.56,107,92
2786,2789,1209.46,51,32
2787,2790,3410.71,118,45
2788,2791,944.85,56,24
2789,2792,1398.26,77,30
2790,2793,190.63,16,15
2791,2794,1848.62,62,40
2792,2795,14387.10,216,99
2793,2796,1357.87,69,31
2794,2797,2508.89,61,55
2795,2798,1665.08,112,42
2796,2799,632.53,37,20
2797,2800,912.24,50,25
2798,2801,1200.27,46,30
2799,2802,2386.50,59,57
2800,2803,2253.54,76,51
2801,2804,217587.74,792,446
2802,2805,1508.28,84,29
2803,2806,1006.55,71,21
2804,2807,1870.18,87,36
2805,2808,381.41,28,21
2806,2809,710.26,60,23
2807,2810,926.09,46,24
2808,2811,19395.84,166,154
2809,2812,3944.74,193,50
2810,2813,1137.28,70,30
2811,2814,1564.59,84,37
2812,2815,3600.98,123,60
2813,2816,4406.95,91,67
2814,2817,1321.30,57,29
2815,2818,675.66,52,27
2816,2819,995915.89,1641,839
2817,2820,1677.63,57,40
2818,2821,835.23,65,22
2819,2822,1769.61,76,35
2820,2823,832.96,38,35
2821,2824,3155.26,106,48
2822,2825,1926.89,67,47
2823,2826,1406.57,56,37
2824,2827,1325.49,59,34
2825,2828,2842.89,88,39
2826,2829,3218.22,123,54
2827,2830,1162.80,60,31
2828,2831,2714.34,92,43
2829,2832,16184.06,188,182
2830,2833,616.41,33,25
2831,2834,669.66,41,24
2832,2835,1167.04,43,32
2833,2836,40.92,9,6
2834,2837,4897.54,125,55
2835,2838,1731.80,64,43
2836,2839,2099.25,75,48
2837,2840,3052.72,69,59
2838,2841,1469.21,46,45
2839,2842,6348.88,129,92
2840,2843,1179.01,70,27
2841,2844,1048.07,61,31
2842,2845,3814.19,96,72
2843,2846,1470.50,59,50
2844,2847,6074.70,119,81
2845,2848,2134.20,107,47
2846,2849,59757.92,558,221
2847,2850,1500.13,74,28
2848,2851,5588.58,151,48
2849,2852,3225.51,86,61
2850,2853,1547.29,64,37
2851,2854,1967.40,62,46
2852,2855,13403.92,158,115
2853,2856,24.20,8,6
2854,2857,3342.60,63,63
2855,2858,1120.60,62,31
2856,2859,12.16,7,3
2857,2860,2968.78,72,56
2858,2861,1339.64,65,33
2859,2862,1358.29,77,26
2860,2863,127097.94,723,325
2861,2864,1420.01,48,39
2862,2865,803.57,34,31
2863,2866,6123.35,123,85
2864,2867,808.94,41,29
2865,2868,1362.69,44,43
2866,2869,4732.20,97,84
2867,2870,971.41,44,29
2868,2871,1054.10,52,29
2869,2872,35480.30,407,209
2870,2873,13700.69,224,117
2871,2874,9032.67,227,111
2872,2875,691.46,36,30
2873,2876,16012.12,363,131
2874,2877,3241.54,105,46
2875,2878,40.96,8,6
2876,2879,8211.78,127,98
2877,2880,18097.33,249,126
2878,2881,1132.78,65,31
2879,2882,5818.84,109,99
2880,2883,6279.77,189,71
2881,2884,14546.84,240,94
2882,2885,966.59,41,32
2883,2886,1783.25,80,31
2884,2887,2456.34,75,51
2885,2888,4320.78,93,65
2886,2889,1342.86,67,36
2887,2890,3958.88,89,65
2888,2891,984.03,59,32
2889,2892,3242.80,67,64
2890,2893,82635.55,398,276
2891,2894,522.95,51,19
2892,2895,2012.68,69,56
2893,2896,733.27,33,24
2894,2897,2918.71,85,70
2895,2898,220.62,29,11
2896,2899,3998.61,84,64
2897,2900,24.29,13,4
2898,2901,1063.95,56,33
2899,2902,3766.44,79,67
2900,2903,838.35,76,21
2901,2904,968.72,66,21
2902,2905,90.07,15,6
2903,2906,1099.76,65,25
2904,2907,12.16,7,3
2905,2908,2078.92,78,35
2906,2909,1631.87,69,37
2907,2910,466.17,46,21
2908,2911,1210.97,60,25
2909,2912,1768.92,68,41
2910,2913,12610.05,151,106
2911,2914,3506.28,79,69
2912,2915,399.20,31,16
2913,2916,808.49,33,31
2914,2917,1814.28,69,33
2915,2918,1687.82,48,47
2916,2919,1531.81,79,24
2917,2920,18224.99,215,140
2918,2921,6533.38,123,72
2919,2922,18465.84,191,172
2920,2923,4525.74,87,72
2921,2924,973.70,75,32
2922,2925,12.30,6,4
2923,2926,7353.56,119,80
2924,2927,18.05,9,5
2925,2928,1344.17,67,32
2926,2929,3215.05,96,53
2927,2930,27.02,9,3
2928,2931,27.02,9,3
2929,2932,598.77,34,24
2930,2933,731.98,71,21
2931,2934,2895.37,93,53
2932,2935,3445.17,70,68
2933,2936,1325.75,59,33
2934,2937,718.63,31,27
2935,2938,1345.61,81,31
2936,2939,1339.99,56,32
2937,2940,33629.45,297,230
2938,2941,747.83,47,24
2939,2942,1859.76,55,44
2940,2943,323.32,21,18
2941,2944,2952.28,89,54
2942,2945,744.29,49,30
2943,2946,19513.44,198,148
2944,2947,165.03,15,15
2945,2948,477.37,38,26
2946,2949,1056.89,41,35
2947,2950,1265.42,63,38
2948,2951,3240.46,83,46
2949,2952,1410.85,77,38
2950,2953,2444.53,81,35
2951,2954,14023.13,187,91
2952,2955,810.27,41,27
2953,2956,3163.47,128,40
2954,2957,624.82,35,24
2955,2958,18.05,10,4
2956,2959,12.30,7,4
2957,2960,1296.89,64,31
2958,2961,1259.72,66,25
2959,2962,656.13,57,25
2960,2963,1746.29,51,43
2961,2964,24.20,8,6
2962,2965,1719.99,77,35
2963,2966,687.39,53,27
2964,2967,1057.51,55,30
2965,2968,4073.67,107,63
2966,2969,1248.66,66,26
2967,2970,1703.81,72,37
2968,2971,558.67,43,29
2969,2972,3830.89,85,72
2970,2973,1299.75,43,40
2971,2974,854.53,39,34
2972,2975,7769.97,223,59
2973,2976,162.12,27,6
2974,2977,1094.24,87,29
2975,2978,2168.18,87,36
2976,2979,1031.92,45,38
2977,2980,599.61,30,28
2978,2981,11129.35,167,86
2979,2982,536.79,31,28
2980,2983,12.30,6,4
2981,2984,1334.21,92,26
2982,2985,942.74,82,21
2983,2986,168.36,19,15
2984,2987,954.36,46,26
2985,2988,990.85,46,32
2986,2989,585.47,42,17
2987,2990,306.32,39,17
2988,2991,88.25,22,8
2989,2992,238.81,21,16
2990,2993,7444.35,240,56
2991,2994,3962.03,81,76
2992,2995,745.28,53,25
2993,2996,2411.07,120,38
2994,2997,24699.05,183,171
2995,2998,481.16,26,23
2996,2999,2170.77,90,40
2997,3000,309.15,30,17
2998,3001,1106.97,41,38
2999,3002,2292.32,65,51
3000,3003,2553.97,70,49
3001,3004,1450.09,58,36
3002,3005,2637.35,69,51
3003,3006,646.88,55,27
3004,3007,912.52,46,27
3005,3008,1256.82,77,36
3006,3009,9656.56,139,100
3007,3010,3547.28,90,54
3008,3011,1099.39,44,33
3009,3012,1189.25,44,38
3010,3013,2126.74,62,48
3011,3014,662.58,53,21
3012,3015,516.42,31,26
3013,3016,5220.21,110,81
3014,3017,630.23,55,22
3015,3018,12.16,7,3
3016,3019,702.04,59,19
3017,3020,12.30,6,4
3018,3021,21101.03,189,134
3019,3022,23.68,6,5
3020,3023,87.59,15,13
3021,3024,12.16,7,3
3022,3025,12.30,7,4
3023,3026,12.30,6,4
3024,3027,97.41,17,10
3025,3028,1072.87,60,33
3026,3029,1007.50,42,34
3027,3030,739.31,55,26
3028,3031,12.30,6,4
3029,3032,920.30,35,30
3030,3033,317.98,39,12
3031,3034,2036.37,60,42
3032,3035,857.71,49,25
3033,3036,194.94,28,10
3034,3037,37.42,13,5
3035,3038,1091.93,62,35
3036,3039,8073.37,111,108
3037,3040,650.73,33,28
3038,3041,1512.74,50,41
3039,3042,1288.63,56,29
3040,3043,11488.58,263,62
3041,3044,3929.44,144,40
3042,3045,817.94,36,34
3043,3046,2117.50,81,34
3044,3047,2127.95,59,49
3045,3048,6216.15,102,81
3046,3049,2747.04,87,48
3047,3050,1450.61,48,43
3048,3051,1108.41,77,31
3049,3052,1749.88,54,43
3050,3053,1139.69,72,27
3051,3054,6482.22,128,95
3052,3055,2015.25,67,38
3053,3056,2998.77,76,54
3054,3057,46552.71,300,252
3055,3058,4428.62,172,61
3056,3059,4705.42,173,47
3057,3060,1838.24,87,27
3058,3061,1738.97,114,28
3059,3062,1012.69,60,38
3060,3063,940.55,47,31
3061,3064,3854.71,139,60
3062,3065,383.13,42,15
3063,3066,460.86,53,15
3064,3067,2613.86,63,62
3065,3068,688.43,46,24
3066,3069,764.88,51,25
3067,3070,772.55,61,22
3068,3071,12.16,7,3
3069,3072,12.30,6,4
3070,3073,1352.98,74,27
3071,3074,1102.83,46,35
3072,3075,3584.43,118,49
3073,3076,530.18,61,16
3074,3077,12.30,7,4
3075,3078,8266.23,141,96
3076,3079,12.16,7,3
3077,3080,349.18,42,16
3078,3081,1678.49,51,37
3079,3082,287.08,41,10
3080,3083,456.10,50,16
3081,3084,1613.19,93,32
3082,3085,963.73,68,23
3083,3086,430.90,49,19
3084,3087,2097.59,63,41
3085,3088,475.01,57,17
3086,3089,2034.94,76,37
3087,3090,3250.95,77,62
3088,3091,14350.73,218,124
3089,3092,538.35,40,21
3090,3093,1571.09,58,35
3091,3094,2198.32,65,42
3092,3095,1987.00,90,40
3093,3096,793.22,57,24
3094,3097,955.22,42,38
3095,3098,1402.16,88,32
3096,3099,5352.91,154,67
3097,3100,509.29,43,18
3098,3101,1582.38,59,39
3099,3102,1212.46,54,32
3100,3103,319.98,42,12
3101,3104,12.30,6,4
3102,3105,5001.63,101,66
3103,3106,3422.03,94,68
3104,3107,1329.19,62,39
3105,3108,5996.80,114,76
3106,3109,1478.57,67,38
3107,3110,10302.98,165,96
3108,3111,12.16,7,3
3109,3112,883.56,34,33
3110,3113,1920.10,65,48
3111,3114,3714.66,99,50
3112,3115,2085.46,68,44
3113,3116,2841.05,138,62
3114,3117,982.44,55,30
3115,3118,1354.50,72,39
3116,3119,1126.80,69,32
3117,3120,24.20,8,6
3118,3121,60.55,10,9
3119,3122,2182.63,58,53
3120,3123,17775.32,195,127
3121,3124,748.09,55,23
3122,3125,12.30,7,4
3123,3126,5451.28,156,65
3124,3127,3591.17,89,56
3125,3128,2263.31,63,54
3126,3129,4073.28,106,62
3127,3130,1379.21,77,43
3128,3131,2487.95,90,37
3129,3132,72.06,12,6
3130,3133,2114.11,65,42
3131,3134,4022.14,83,67
3132,3135,18.59,8,6
3133,3136,12.30,6,4
3134,3137,12.16,6,4
3135,3138,12.30,6,4
3136,3139,54.04,9,6
3137,3140,47.79,10,8
3138,3141,12.30,6,4
3139,3142,24.20,8,6
3140,3143,3748.19,121,45
3141,3144,12.30,6,4
3142,3145,12.30,6,4
3143,3146,12.16,7,3
3144,3147,36.03,6,6
3145,3148,6386.69,103,86
3146,3149,54.04,9,6
3147,3150,54.04,9,6
3148,3151,12.16,6,4
3149,3152,35.45,13,4
3150,3153,12.16,6,4
3151,3154,4274.82,91,73
3152,3155,337.15,31,16
3153,3156,18.01,6,3
3154,3157,12.57,5,5
3155,3158,99.54,25,8
3156,3159,834.74,64,19
3157,3160,27.02,9,3
3158,3161,24.20,8,6
3159,3162,18.59,8,6
3160,3163,14795.40,244,101
3161,3164,629.85,52,21
3162,3165,18.59,8,6
3163,3166,2570.88,64,59
3164,3167,4713.40,170,50
3165,3168,101.14,15,8
3166,3169,13150.95,145,119
3167,3170,20.35,6,5
3168,3171,670.16,38,27
3169,3172,21430.92,290,112
3170,3173,9239.35,265,72
3171,3174,3250.72,118,44
3172,3175,517.43,52,18
3173,3176,24.20,8,6
3174,3177,12.16,7,3
3175,3178,1050.19,40,34
3176,3179,15189.88,224,128
3177,3180,5397.48,194,72
3178,3181,832.52,69,20
3179,3182,2275.13,67,59
3180,3183,20730.16,320,103
3181,3184,3179.45,75,58
3182,3185,12.30,6,4
3183,3186,1167.59,45,44
3184,3187,644.47,48,25
3185,3188,1835.22,100,33
3186,3189,3340.22,68,61
3187,3190,4984.77,108,72
3188,3191,4563.40,102,85
3189,3192,797.74,40,29
3190,3193,1853.95,71,35
3191,3194,4385.22,111,58
3192,3195,1147.57,54,32
3193,3196,3432.68,69,67
3194,3197,840.64,53,27
3195,3198,8234.77,161,72
3196,3199,831.46,63,25
3197,3200,1162.83,45,35
3198,3201,1259.60,56,32
3199,3202,792.04,58,29
3200,3203,804.80,46,29
3201,3204,54.04,9,6
3202,3205,117.09,15,9
3203,3206,324.30,34,15
3204,3207,1468.41,66,32
3205,3208,1220.98,63,29
3206,3209,1312.80,44,36
3207,3210,1194.08,51,28
3208,3211,12.30,6,4
3209,3212,702.67,50,21
3210,3213,990.18,73,21
3211,3214,759.62,55,26
3212,3215,1039.41,82,31
3213,3216,1499.29,71,38
3214,3217,1067.42,37,36
3215,3218,1482.44,52,41
3216,3219,411.13,41,15
3217,3220,1709.91,61,40
3218,3221,802.79,57,23
3219,3222,90.07,15,6
3220,3223,1119.05,50,32
3221,3224,873.53,46,28
3222,3225,1260.61,67,32
3223,3226,1379.97,49,48
3224,3227,38.09,15,12
3225,3228,377.65,35,27
3226,3229,1551.44,63,47
3227,3230,5037.59,93,92
3228,3231,12755.97,228,105
3229,3232,3556.44,123,38
3230,3233,2497.41,82,50
3231,3234,1335.79,83,28
3232,3235,940.81,54,29
3233,3236,2739.60,104,57
3234,3237,2271.54,66,46
3235,3238,435.04,46,18
3236,3239,435.39,38,16
3237,3240,855.73,59,23
3238,3241,1258.35,43,41
3239,3242,1344.22,69,36
3240,3243,733.15,39,26
3241,3244,2056.22,79,45
3242,3245,17308.01,219,131
3243,3246,1388.03,46,41
3244,3247,625.44,38,26
3245,3248,612.82,51,21
3246,3249,4543.50,192,43
3247,3250,827.94,41,28
3248,3251,1395.57,60,38
3249,3252,1705.01,82,41
3250,3253,24.20,8,6
3251,3254,2983.16,113,42
3252,3255,1554.93,57,41
3253,3256,12.30,6,4
3254,3257,24.20,8,6
3255,3258,1597.22,64,39
3256,3259,2225.74,80,41
3257,3260,6754.40,153,85
3258,3261,3863.13,105,54
3259,3262,693.24,33,28
3260,3263,5836.54,89,87
3261,3264,607.40,48,23
3262,3265,602.43,49,23
3263,3266,446.62,48,18
3264,3267,1468.95,79,29
3265,3268,285.31,42,21
3266,3269,668.53,61,19
3267,3270,2236.71,60,54
3268,3271,7512.49,108,103
3269,3272,1270.83,50,43
3270,3273,937.98,53,25
3271,3274,997.48,67,29
3272,3275,709.19,56,19
3273,3276,1442.54,71,28
3274,3277,2235.61,83,47
3275,3278,320.15,44,14
3276,3279,1480.29,66,35
3277,3280,808.55,36,31
3278,3281,1651.84,53,41
3279,3282,859.04,59,26
3280,3283,1042.68,41,39
3281,3284,1016.43,77,22
3282,3285,604.17,33,26
3283,3286,1583.37,46,44
3284,3287,746.53,40,31
3285,3288,1274.53,68,27
3286,3289,2111.34,72,44
3287,3290,589.64,47,22
3288,3291,1125.72,44,42
3289,3292,560.94,37,21
3290,3293,1361.24,69,31
3291,3294,810.44,42,29
3292,3295,1081.00,54,38
3293,3296,999.44,40,38
3294,3297,546.05,58,21
3295,3298,2540.63,104,45
3296,3299,5167.15,114,59
3297,3300,1824.57,81,31
3298,3301,1152.26,41,39
3299,3302,1355.19,48,40
3300,3303,1774.19,55,44
3301,3304,12.30,6,4
3302,3305,750.71,43,30
3303,3306,1420.82,73,35
3304,3307,1842.55,69,44
3305,3308,313.20,28,18
3306,3309,24.20,7,6
3307,3310,18.59,8,6
3308,3311,574.24,43,26
3309,3312,3367.49,72,51
3310,3313,388.54,40,18
3311,3314,812.29,55,29
3312,3315,8690.71,140,93
3313,3316,13671.90,225,80
3314,3317,1150.03,41,38
3315,3318,1661.54,91,32
3316,3319,3223.11,108,46
3317,3320,24.20,8,6
3318,3321,1150.56,42,36
3319,3322,1105.60,41,38
3320,3323,616.43,58,21
3321,3324,1266.93,69,33
3322,3325,1015.04,64,36
3323,3326,584.71,57,20
3324,3327,2455.78,114,50
3325,3328,8969.15,117,109
3326,3329,1490.93,58,32
3327,3330,1216.00,61,24
3328,3331,903.00,42,39
3329,3332,1988.35,92,27
3330,3333,1101.00,73,21
3331,3334,528.82,53,23
3332,3335,1074.44,65,29
3333,3336,12.16,7,3
3334,3337,275.43,19,18
3335,3338,12.16,7,3
3336,3339,272.37,22,18
3337,3340,507.93,35,25
3338,3341,4658.81,200,70
3339,3342,5849.03,106,80
3340,3343,18422.48,230,138
3341,3344,661.86,31,29
3342,3345,344.00,41,15
3343,3346,24.20,8,6
3344,3347,7384.42,120,80
3345,3348,2561.50,72,53
3346,3349,1030.00,39,34
3347,3350,1303.02,57,35
3348,3351,4410.17,101,65
3349,3352,1911.89,129,41
3350,3353,2506.33,94,35
3351,3354,1233.49,76,24
3352,3355,22114.04,258,139
3353,3356,38.09,15,12
3354,3357,729.87,46,26
3355,3358,1594.89,70,35
3356,3359,1294.27,62,32
3357,3360,1969.87,96,57
3358,3361,1758.54,54,49
3359,3362,18.05,10,4
3360,3363,769.02,47,22
3361,3364,18.01,6,3
3362,3365,54.04,9,6
3363,3366,24.20,8,6
3364,3367,1009.78,56,27
3365,3368,550.25,44,21
3366,3369,1010.31,97,16
3367,3370,1122.56,78,24
3368,3371,1410.21,51,37
3369,3372,3981.15,121,50
3370,3373,1827.38,96,35
3371,3374,937.73,46,35
3372,3375,24.20,7,7
3373,3376,1353.62,54,30
3374,3377,10917.78,192,86
3375,3378,983.53,46,30
3376,3379,1438.54,53,49
3377,3380,4027.44,98,63
3378,3381,39307.76,414,261
3379,3382,12.16,7,3
3380,3383,449.30,33,20
3381,3384,24.29,13,4
3382,3385,42.67,12,6
3383,3386,1117.03,61,29
3384,3387,1512.65,54,46
3385,3388,600.75,48,19
3386,3389,69066.09,350,265
3387,3390,511.71,48,16
3388,3391,864.29,46,23
3389,3392,16009.26,244,105
3390,3393,976.59,65,22
3391,3394,924.08,38,35
3392,3395,12.16,6,4
3393,3396,491.51,34,21
3394,3397,731.74,36,29
3395,3398,60647.48,363,243
3396,3399,650.22,28,26
3397,3400,1298.79,50,43
3398,3401,730.20,52,23
3399,3402,852.68,81,19
3400,3403,1023.36,53,25
3401,3404,1130.62,47,33
3402,3405,101.86,19,8
3403,3406,384.55,32,18
3404,3407,12.16,6,4
3405,3408,891.03,63,23
3406,3409,12.30,6,4
3407,3410,54.04,9,6
3408,3411,12.30,6,4
3409,3412,24.20,8,6
3410,3413,12.16,7,3
3411,3414,936.11,67,31
3412,3415,93375.82,654,232
3413,3416,37931.40,285,166
3414,3417,7747.26,111,94
3415,3418,8262.03,146,87
3416,3419,40446.21,237,225
3417,3420,117881.68,1082,266
3418,3421,72009.62,404,287
3419,3422,112534.24,430,381
3420,3423,11543.21,216,88
3421,3424,7276.08,172,59
3422,3425,17224.74,314,118
3423,3426,24035.08,364,116
3424,3427,2619.55,78,52
3425,3428,3881.16,109,56
3426,3429,6501.88,100,94
3427,3430,11221.74,192,105
3428,3431,4678.00,101,69
3429,3432,55492.17,358,262
3430,3433,14343.41,176,107
3431,3434,10189.12,202,90
3432,3435,77864.93,524,252
3433,3436,61493.77,447,248
3434,3437,5260.12,203,65
3435,3438,114738.77,430,384
3436,3439,6223.08,92,89
3437,3440,5925.64,90,87
3438,3441,17053.17,239,98
3439,3442,12449.47,184,95
3440,3443,5211.79,98,69
3441,3444,24340.43,332,146
3442,3445,21396.67,174,166
3443,3446,18828.71,172,153
3444,3447,6935.15,224,142
3445,3448,20344.67,210,176
3446,3449,6185.36,208,68
3447,3450,8131.49,137,81
3448,3451,3316.27,91,58
3449,3452,10883.58,203,75
3450,3453,6437.62,126,69
3451,3454,3093.59,80,59
3452,3455,13574.65,248,131
3453,3456,9284.42,121,110
3454,3457,408.90,48,15
3455,3458,429.84,40,18
3456,3459,544.59,54,23
3457,3460,37714.32,249,214
3458,3461,25436.24,424,139
3459,3462,35231.16,478,140
3460,3463,22666.99,199,144
3461,3464,23485.09,304,106
3462,3465,28013.65,228,173
3463,3466,21158.56,224,178
3464,3467,2682.42,106,40
3465,3468,2607.43,67,64
3466,3469,12073.28,193,116
3467,3470,6205.53,112,95
3468,3471,3879.66,89,69
3469,3472,3543.98,131,43
3470,3473,1137.06,47,33
3471,3474,13690.32,178,133
3472,3475,1386.13,57,35
3473,3476,807.06,44,23
3474,3477,2373.86,75,44
3475,3478,1573.65,55,37
3476,3479,1865.46,57,43
3477,3480,2013.65,55,55
3478,3481,8032.28,113,93
3479,3486,11818.74,121,112
3480,3487,1901.99,87,37
3481,3488,3915.43,129,44
3482,3489,19887.03,227,128
3483,3490,1784.94,58,45
3484,3492,13372.42,134,130
3485,3494,250344.14,693,541
3486,3495,890.49,48,29
3487,3496,1335.33,50,47
3488,3498,119018.05,534,339
3489,3500,42230.38,271,238
3490,3501,6948.84,205,60
3491,3506,18222.22,192,120
3492,3508,1310.67,51,33
3493,3510,3768.93,140,44
3494,3511,20544.07,231,124
3495,3516,1939.11,57,50
3496,3517,8316.57,206,95
3497,3518,3372.67,162,47
3498,3520,13314.77,208,115
3499,3521,2183.83,128,30
3500,3523,6755.43,316,69
3501,3525,70858.86,416,269
3502,3531,44438.66,284,219
